"","age","pCO2","pCO2_sd","pCO2_rhat","pCO2_n.eff","MAT","MAT_sd","MAT_rhat","MAT_n.eff","PCQ_to","PCQ_to_sd","PCQ_to_rhat","PCQ_to_n.eff","tsc","tsc_sd","tsc_rhat","tsc_n.eff","MAP","MAP_sd","MAP_rhat","MAP_n.eff","PCQ_pf","PCQ_pf_sd","PCQ_pf_rhat","PCQ_pf_n.eff","Tsoil","Tsoil_sd","Tsoil_rhat","Tsoil_n.eff","S_z","S_z_sd","S_z_rhat","S_z_n.eff","f_R","f_R_sd","f_R_rhat","f_R_n.eff","spre","spre_sd","spre_rhat","spre_n.eff","pore","pore_sd","pore_rhat","pore_n.eff","temp_diff","temp_diff_sd","temp_diff_rhat","temp_diff_n.eff"
"1",-3,442.647398000602,110.087648615426,1.00437681051858,890,9.14423332811081,3.0091090550471,1.00272152347834,1700,10.2412168676857,2.20392858610668,1.00132080352609,8600,0.229310296852829,0.120285168064382,1.00695000358488,650,708.15016022435,168.534553525404,1.02087795645011,180,0.35897346714172,0.0529327861062123,1.00409418860765,970,12.8300090576606,3.62482236906627,1.00563356031699,650,867.090797135295,673.01277307036,1.00599971959215,600,0.116769271903531,0.0552318270326509,1.01698508755712,190,0.579908204957145,0.0668730690817763,1.00151297819502,5600,0.503383673649992,0.0251942945752991,1.00635959070354,560,5.0028336086963,2.89227226044447,1.00101458650623,73000
"2",-2.95,443.063502257226,109.844756748344,1.00443709307116,870,9.14272065681635,2.98799064850514,1.00272736667043,1700,10.2215413901381,2.2017524001887,1.00131930031635,8700,0.229310755307392,0.120284398029755,1.00489407012029,770,709.135708863904,168.133131444348,1.02082533800347,180,0.358531234699016,0.0527706240549071,1.00410662693296,960,12.8249758569869,3.59387523071198,1.00818129578399,580,863.680290634227,639.812775908161,1.00603340125282,600,0.116770722624036,0.0552300737819739,1.01699019134394,190,0.579955729512982,0.0668773667077988,1.00151523031226,5500,0.503383507778799,0.0251943701683079,1.00635973690464,560,5.00232384325365,2.89504986687396,1.00099865465697,1e+05
"3",-2.9,443.866625724904,109.544938487046,1.00454180955327,850,9.14058248516626,2.95118536380108,1.00271608359582,1700,10.1856704789398,2.20401212159697,1.00131454743365,8800,0.229311267845844,0.120282779009346,1.00489593993903,770,711.099163053686,167.730477214175,1.02067178346126,180,0.357679697393226,0.0524951089227204,1.00414025681471,950,12.7977778068223,3.54735256487283,1.00788927992081,590,860.288103724482,563.622661943503,1.00583943289576,620,0.11677398541929,0.0552278282731021,1.01700235764078,190,0.580041143830508,0.0668897139097037,1.00151899630045,5500,0.503383143209196,0.0251946062221707,1.00635959335973,560,5.00110026543832,2.90520522369839,1.0010029911868,1e+05
"4",-2.85,444.964769685421,109.246731519955,1.00468652103472,810,9.13864954925922,2.90405652900281,1.00268480639911,1800,10.1362404675702,2.21456129687205,1.00129767647341,9300,0.229311847385585,0.120279914858188,1.00489883979015,770,714.129071999302,167.628257268677,1.0203877377445,180,0.35646227478534,0.0521681874767752,1.00419832711562,930,12.7717290654728,3.47129873502871,1.00778922049864,580,855.439293708228,512.731242273623,1.00613589642022,590,0.116779009947984,0.0552246285280154,1.01701715533795,190,0.58016288776578,0.066917001336766,1.00152278810898,5500,0.503382606274231,0.0251951274587575,1.00635898565887,560,5.00029350954551,2.92726092033785,1.00100916261458,84000
"5",-2.8,446.325046049086,109.057073084785,1.00486274435987,780,9.13914603708336,2.84969261835223,1.00264418021471,1800,10.0753670109494,2.23641773943519,1.00126780297594,10000,0.229312690448041,0.120276607581737,1.00490242029502,770,718.21451996182,168.035464315146,1.01998856077793,180,0.354917409379871,0.0518285481727876,1.00424747421819,920,12.7368413482663,3.39683366584728,1.00756166857322,590,851.89594638927,477.23716564655,1.00567036179882,640,0.116786003108622,0.0552237493626936,1.01703282050056,190,0.580323051730305,0.0669625126819103,1.0015275176403,5400,0.50338226254212,0.0251958464263426,1.006358974219,560,4.99935334247288,2.96205588223272,1.00101547304432,72000
"6",-2.75,447.909311353777,109.054696868351,1.00504772846292,740,9.1415176385583,2.79105994228635,1.00257894847459,1900,10.0037994915167,2.27016017834653,1.00123297977197,12000,0.229313392755329,0.120272213920846,1.00490704238173,770,723.38271323282,169.089948403031,1.01941873868651,190,0.353081190310547,0.0515036384306755,1.0042909454809,910,12.6879903249099,3.30031109216685,1.00774320273582,550,851.928829958003,502.91966443436,1.00617115194144,580,0.116795593963521,0.0552247735544112,1.0170485954935,190,0.580520193606917,0.0670283681810568,1.00153302100989,5400,0.50338203060818,0.0251966975710123,1.00635964554896,560,4.99829618295519,3.01124385117913,1.00102070337287,64000
"7",-2.7,449.697567009802,109.268865278666,1.00524840313827,710,9.1467851489757,2.73061960630751,1.00251101165049,2000,9.92446520693642,2.31791594253788,1.00119746248323,13000,0.229314783814821,0.120267387720994,1.00491196912344,770,729.717167546905,170.879344646613,1.01874474236944,190,0.350973503313694,0.0512154222554628,1.00431316555838,900,12.6495243988847,3.1943494774707,1.00694831472627,610,853.11099586682,500.715324525852,1.00576552754647,630,0.116806613490276,0.055226238978226,1.01706533405439,190,0.580752170207052,0.0671204866814496,1.00153722659279,5300,0.503381872101628,0.0251978429901709,1.00636129690573,560,4.99799325969217,3.07664686616553,1.0010250191346,58000
"8",-2.65,451.655489438767,109.751548628258,1.00547734848377,670,9.15531933381786,2.67031113775878,1.00240504182261,2100,9.8398301403791,2.37860489242284,1.00115848950416,16000,0.229316227034156,0.120262131217313,1.00491721180983,760,737.167990780842,173.381749631032,1.01794970814948,200,0.348642211949266,0.0509812957390527,1.00432454449281,900,12.6061858253107,3.0882181607281,1.00674039311045,620,851.738118048998,399.879323746433,1.00559673836285,650,0.116820553877684,0.0552296031671655,1.01708144175767,190,0.581017246484454,0.0672368638263818,1.00154202759777,5300,0.503381583940692,0.0251994093826145,1.00636359674318,560,4.99822365476163,3.15698676923507,1.00103004618005,53000
"9",-2.6,453.732729165778,110.52312135888,1.00570338941932,640,9.16911147533215,2.61211846906757,1.00230608428487,2300,9.75037257726717,2.45134517188911,1.00112124921412,20000,0.229318862573387,0.120256182350088,1.00492253066684,760,745.79395173153,176.640902902309,1.01705992079277,210,0.346115559409535,0.0508193963735636,1.00434030918189,900,12.5588850854551,2.97561081840668,1.00624869017045,640,855.755988430261,390.592704125768,1.00555931690676,660,0.116836049352058,0.0552344609758498,1.01709838168896,190,0.581316899501622,0.0673791089919544,1.00154690212385,5200,0.503381041471323,0.0252012450439711,1.0063666006574,560,4.99826561659712,3.25142096464227,1.00103251126349,51000
"10",-2.55,455.885447954064,111.57938676818,1.00593399931022,610,9.18848826185545,2.55613295444331,1.00222449200174,2400,9.65793816617098,2.53334080597123,1.0011389044611,18000,0.229321636475936,0.120250507531299,1.0049281677018,760,755.614584591417,180.602391557998,1.01620545158187,220,0.343415317243591,0.0507382680585923,1.00435944952176,890,12.5139966560218,2.88655083184248,1.00505358853363,770,825.504816061701,221.590143065729,1.00677469351716,520,0.116852823290676,0.0552424284410994,1.01711865376694,190,0.581642705794403,0.0675469325352742,1.00155024783325,5200,0.503380251488733,0.025203348159558,1.00637017535552,560,4.99873074495678,3.35952424626668,1.00103626827405,48000
"11",-2.5,458.048054680338,112.921989038077,1.0061920593156,580,9.21429651699493,2.50437950244924,1.00214202877956,2600,9.5636714852245,2.62382088456435,1.00112355617284,20000,0.229325865305023,0.120243529130483,1.0049345657313,760,766.553160357949,185.172632366112,1.01540117612347,230,0.340554991885717,0.0507362504534193,1.00436464643075,890,12.4692205968908,2.73164986498968,1.00528045531403,700,873.00286497697,365.969213315651,1.00583831464907,620,0.116871552224114,0.0552524338401514,1.01713967818552,190,0.581994739284051,0.0677413815140729,1.00155181785709,5200,0.503379098049585,0.025205688973097,1.00637298455988,560,4.99896867040381,3.48043655885139,1.00104043511425,45000
"12",-2.45,460.198444297513,114.521381741337,1.00645446950737,550,9.24760162835358,2.455615944259,1.00207563343314,2700,9.46912803902908,2.72154948952854,1.00111603039048,21000,0.229330834964698,0.120236799248337,1.00494125234795,760,778.5834953175,190.145888243587,1.0145936408609,240,0.337557878895092,0.0507992798329646,1.0043685684248,890,12.4355918116177,2.6137575680201,1.0048787550116,770,885.9184822943,376.869599835024,1.00564748390428,650,0.116891429857403,0.0552635191962971,1.01716112401163,190,0.5823763879141,0.0679603744063308,1.00155189957687,5200,0.50337787664412,0.0252081634644025,1.0063763898035,560,4.9984074306984,3.61363637100143,1.00104039268157,45000
"13",-2.4,462.326901839533,116.371594773861,1.00672262936517,530,9.28803396732183,2.41138167245363,1.00202292814002,2900,9.37586723534048,2.8245683375623,1.00112223393306,20000,0.229336513366826,0.120230459400442,1.00494818944339,760,791.734500245819,195.443303361169,1.01382108371766,250,0.334437335911314,0.0509305962669785,1.00434663184596,890,12.4085798999096,2.48092545963739,1.00470720423425,810,898.764599782607,354.983670990688,1.0053695878382,690,0.116914835617424,0.0552771445144174,1.01718154932509,190,0.582786009267312,0.0682069311123574,1.0015518558845,5200,0.503376283068166,0.0252108402492281,1.00638137614467,560,4.99860650377998,3.75753548980426,1.0010403002753,45000
"14",-2.35,464.356010111023,118.4258609031,1.00697659035238,500,9.33551957048531,2.37190024298491,1.00197990464138,3000,9.28591109852309,2.93147732654059,1.00113210532055,19000,0.229341879816355,0.120223859422812,1.00495502578214,760,806.028507159704,200.919840651984,1.01310177826131,260,0.331219281082849,0.0511300504168935,1.00431074324991,900,12.3854593857384,2.35574227639919,1.00450983299874,850,913.981539694908,357.674925341919,1.00547046605168,670,0.116940402986388,0.0552939994045304,1.0172043719769,190,0.583218572836241,0.0684779567675119,1.00155004785954,5200,0.503374450299673,0.0252138160447168,1.00638627960687,560,4.99892626912116,3.91109112137621,1.00103977742801,45000
"15",-2.3,466.260993241932,120.663179164728,1.00724151554546,480,9.39051508413812,2.33832922358638,1.00195913569643,3100,9.19960519061226,3.04222218345712,1.00115184502354,17000,0.229348150727153,0.120216563712747,1.00496208674286,760,821.506996162914,206.654934942939,1.01250681696365,270,0.327921396835035,0.0513897723387047,1.00426480906874,920,12.3709394589041,2.23166750656241,1.00417347609726,940,933.454058608207,364.773656845001,1.00500983652945,750,0.116967518932082,0.0553128113187175,1.01722466997494,190,0.583676616085899,0.0687753519336258,1.00154799155266,5200,0.503372318380419,0.0252172234447945,1.00639107221311,560,4.99948293380864,4.07208831440414,1.00104103174359,44000
"16",-2.25,468.022436216017,123.114347289277,1.00746610881728,470,9.45348434140364,2.31173797353705,1.00196230475359,3000,9.11891028425725,3.15586839771933,1.00117594106889,15000,0.229355553845242,0.120209138902085,1.00496923575573,760,838.19975324684,212.745635317049,1.01197267774102,280,0.324550220467361,0.0516933965021753,1.00419921685953,930,12.3199633783625,2.075836986497,1.00400334020855,990,941.825906020813,264.521905494843,1.00774589071306,450,0.116997129608776,0.0553342640924322,1.01724333730733,190,0.584157460299649,0.0690988657817347,1.00154972209057,5200,0.503369875864364,0.0252208654002108,1.00639613145879,560,5.00033306035292,4.23937913728389,1.00104237977221,44000
"17",-2.2,469.636065619919,125.742426032295,1.00765772689081,450,9.52511126454905,2.29332188809071,1.00198631652417,3000,9.04568933318092,3.27190411069814,1.00120329764173,13000,0.229363187269822,0.120201445905586,1.00497751301772,750,856.247366552131,219.309482207437,1.01150736848968,300,0.321109154156125,0.0520379172672152,1.00412599501836,960,12.3810619488072,1.95199142515425,1.00382298357027,1100,899.954668345688,257.98325747582,1.00784385260227,440,0.117029575358691,0.0553593485397905,1.01726368900526,190,0.584658750634278,0.069446524585765,1.00155046753301,5200,0.503367146228303,0.0252249174022593,1.00640002140567,560,5.00122392141995,4.41211545978584,1.00104288098875,43000
"18",-2.15,471.042411259176,128.521700516888,1.00783674974671,440,9.60597152632481,2.28304375746105,1.00203335063371,2800,8.98031418344914,3.39118177062426,1.001229916679,12000,0.229371667544992,0.120194124298832,1.00498642878537,750,875.730559244229,226.383389508056,1.01109404548436,310,0.317620541187571,0.0524044694216891,1.00404385585686,980,12.3828060062622,1.87628073461402,1.00328816210536,1300,1009.44457090591,383.959041317454,1.0054129077462,680,0.117065081272944,0.0553867590243998,1.01728180324172,190,0.585184794221328,0.069818566036684,1.00155159541556,5200,0.503364197307788,0.0252291419833656,1.00640416071251,560,5.00164522179967,4.589442555804,1.00104301071671,43000
"19",-2.1,472.28675151862,131.397280424949,1.00800119707264,430,9.69618881304239,2.2818754782,1.00209606621044,2700,8.92361485778588,3.51240163241305,1.00125102339916,11000,0.22938001283068,0.120186681367453,1.00499510640272,750,896.454805124818,234.027343037427,1.01072874391025,320,0.31408559458398,0.0527913687496702,1.00393945632241,1000,12.6496861776193,1.74414599872288,1.00291324449221,1600,851.60964109958,247.955208381806,1.00783056837588,440,0.117102174407324,0.0554164171303387,1.01730098282784,190,0.585731103917356,0.0702121131959541,1.00155386641119,5200,0.503361001242495,0.0252335140652022,1.00640750775183,560,5.00283588372421,4.77133849623221,1.00104310389652,43000
"20",-2.05,473.370020371836,134.357790018554,1.00817012145791,420,9.79479361235426,2.29065762444263,1.00218020227621,2500,8.8759960654451,3.63586476328645,1.00126569118594,10000,0.229389502371609,0.120178789673067,1.00500358758367,750,918.256025750076,242.267163418889,1.01039147528618,330,0.310512361346924,0.0531917136960414,1.00383158925983,1100,12.3773635791778,1.62801606162882,1.00256359790512,1900,1086.28671732964,328.393130090543,1.0081424271429,420,0.117140351548399,0.055447838803085,1.0173189035686,190,0.586297030601797,0.0706242579620351,1.00155920252064,5100,0.503357861488828,0.0252382310837074,1.00641174836609,560,5.00386185150224,4.95636870430061,1.00104044508589,45000
"21",-2,474.479652214494,137.322061207396,1.0083215102958,410,9.89764848875072,2.30924267690442,1.00226584748983,2300,8.83552666920524,3.76055019646849,1.00127480219033,10000,0.229399850920973,0.120172107679286,1.00501203161696,750,939.96968654867,250.696225894423,1.01008860449441,350,0.306884011713049,0.0536029680341946,1.00372084221839,1100,12.2415745195495,1.28909958853043,1.00235011312355,2200,1198.22793959391,369.907679053784,1.0078764401991,440,0.117179310674844,0.0554801339050484,1.01733613340576,190,0.586879879942122,0.0710575465286147,1.00156602891279,5100,0.503354527915656,0.0252430426969974,1.00641542789968,560,5.00455765977471,5.14346091171034,1.00104028027943,45000
"22",-1.95,475.787380819482,140.20465338802,1.00842854987558,410,10.0020100827024,2.33742275392426,1.00235513230948,2200,8.80019585246095,3.88603162877865,1.00128365336009,9700,0.229411223675677,0.120166126559387,1.00502066012528,750,960.478961576864,258.928546776219,1.0098275827986,360,0.30317918402061,0.0540051158308162,1.0035967620375,1100,12.5452481548283,1.554531391696,1.00188614623356,3300,1145.16566838983,445.969422679427,1.0057704295131,630,0.117217862441001,0.0555118366371332,1.01735237276703,190,0.587482520654254,0.0715048068710962,1.00157322552956,5000,0.503351266305488,0.0252480316445055,1.00641735739367,560,5.00571910787871,5.33216124118873,1.0010385602378,46000
"23",-1.9,477.392070563617,142.984990561045,1.00852314935797,400,10.1040781294319,2.3706955941991,1.00288969690877,1600,8.76754433651822,4.01082877907151,1.00128914375057,9500,0.22942311036112,0.120160658765012,1.00502951048861,740,978.933673585488,266.562780747404,1.00959477093825,370,0.299395681809969,0.0543919390395657,1.00348050703113,1200,12.3027781516147,1.45544983373865,1.00154452847723,5300,1439.40058299893,465.152807213024,1.00773311646003,450,0.117255156633195,0.0555446393864093,1.01736890734262,190,0.588098583824234,0.0719696914158151,1.00157958256472,5000,0.503347922219978,0.0252530682256002,1.00641779130882,560,5.00720419476563,5.52226711690873,1.00103971767189,45000
"24",-1.85,479.417072865473,145.596240456486,1.00863750994278,400,10.2002836039113,2.40705952206085,1.00297457785154,1500,8.73595575984963,4.13465057360955,1.00129145080733,9400,0.229435919792061,0.120155318861871,1.00503868976319,740,994.483742834662,273.312862311616,1.0094058626282,380,0.295524586878454,0.0547620807236403,1.00337267603325,1300,12.6742250928556,1.50798718589765,1.00141209664614,6800,1190.25141116688,470.240372168137,1.00553210164735,660,0.117289719456294,0.055576836279839,1.01738224040673,190,0.588730436366767,0.0724538869981009,1.00158540717561,4900,0.503344446453419,0.0252583996459432,1.00641753971905,560,5.0088656534602,5.71401161550125,1.00104004175731,45000
"25",-1.8,481.784247685449,148.07311199873,1.00876459837357,390,10.2936731847859,2.44471706853819,1.00305147529221,1400,8.70682081252368,4.25849248351477,1.00129087937637,9500,0.229449088308114,0.120150230862056,1.00504824436748,740,1007.48156831717,279.233945510846,1.00925939598066,390,0.291590169439199,0.0551082158159795,1.00327021530177,1300,12.3955389956369,1.43695395571752,1.00127271388345,10000,1484.82213184679,485.71427590465,1.00797398088821,430,0.117323038148444,0.0556103177967422,1.01739568389477,190,0.589371876343197,0.0729521789279113,1.0015917909365,4900,0.503340959244649,0.0252638616226799,1.00641734142872,560,5.00997417024679,5.90673381561336,1.00104124131899,44000
"26",-1.75,484.383930262597,150.444757777674,1.00888633048165,380,10.3850776105308,2.48327687664779,1.00309377697221,1400,8.68157884531094,4.38280979714489,1.00128648910214,9600,0.229462938197634,0.120145343346898,1.00505750629839,740,1018.35830397071,284.531454399271,1.0091659961057,400,0.287603139799309,0.0554217492857701,1.00316926665111,1400,13.2059324776923,1.47845739221971,1.0013422868854,8100,901.956743677419,293.408500963987,1.00840486983687,410,0.117355021025697,0.0556428738506911,1.0174051791071,190,0.590027609687094,0.0734680896996196,1.00159741147222,4800,0.503337548333131,0.0252695459632111,1.00641635884216,560,5.01039314844982,6.09963149861026,1.00104315858513,43000
"27",-1.7,486.907387492758,152.817251187928,1.00900041889162,380,10.4852184448681,2.52330618995404,1.00312387342216,1400,8.66674189415192,4.50845841410754,1.00128296979374,9700,0.229477527451814,0.120140507380246,1.00506678351159,740,1028.82654729342,289.797418162153,1.00908985027144,400,0.2836235148996,0.0557184175439452,1.00308550600753,1400,13.0639779987297,1.46237314934638,1.00131883586453,8700,1041.91117259543,340.715667378215,1.00847330415679,400,0.117386025060698,0.0556748086139305,1.01741323275894,190,0.59069842373151,0.073999755232585,1.0016018883576,4800,0.503334217938434,0.0252753713242163,1.00641466261722,560,5.01095529767307,6.29271594786523,1.001045184785,42000
"28",-1.65,489.277509688126,155.198572502224,1.00910431121962,370,10.5961175339604,2.56361747251643,1.00315172881855,1400,8.66440907784841,4.63661926151987,1.00127648560887,9900,0.229492870946774,0.120135771867801,1.00507562658614,740,1039.19790856229,295.148263159374,1.00900358909203,410,0.279670302119204,0.0559964000059085,1.00301419331225,1500,12.8300799766818,1.38687302542206,1.00112147759691,20000,1454.33120724367,487.383131017324,1.0083720796586,410,0.117417289473307,0.0557077510052464,1.01741865937249,190,0.591380975502292,0.0745456220951977,1.0016071381992,4700,0.503330817935538,0.0252817172518925,1.00641186879588,560,5.01176613352813,6.48626904858965,1.0010470202224,41000
"29",-1.6,491.573812975458,157.570207161272,1.00920304639296,370,10.7165487389823,2.60428956926318,1.00318211181655,1400,8.67276783096178,4.76668629763438,1.00126918917604,10000,0.229508277611711,0.120130541663782,1.00508420056156,730,1048.99514714528,300.416813337371,1.00894940518529,410,0.275749012540485,0.056258935016665,1.002949675041,1500,13.1805174819714,1.48993764671499,1.00125138812896,11000,1230.4040442237,498.48067132104,1.00678801722575,520,0.117448831100077,0.0557416397535472,1.01742498292791,190,0.592073822767197,0.0751041522175456,1.00161001626006,4700,0.503327404732257,0.0252882398928102,1.0064089403716,560,5.01200407013585,6.67910840453099,1.00104927183573,40000
"30",-1.55,493.682207335658,159.954890697813,1.00929346905137,360,10.8508504979989,2.64533606459862,1.00322210897555,1300,8.69322644597881,4.89965882035992,1.00126699007059,10000,0.229524147393448,0.120125926071027,1.00509326587459,730,1058.82741438456,305.842134781569,1.00889830254374,420,0.271882398865564,0.0565121840680619,1.00288854941914,1600,13.1946253529866,1.46290399457474,1.00122126603612,12000,1303.81310350615,453.167937679638,1.00868752643231,390,0.117480328848716,0.0557754554658298,1.01742731746969,190,0.592776847584992,0.075671893428156,1.00161220111449,4700,0.503323951062063,0.025295252455213,1.00640630174559,560,5.01106708477225,6.87192015032938,1.00105185252709,38000
"31",-1.5,495.459591905224,162.364925660643,1.00936487562902,360,11.0034801974925,2.68698597408498,1.00328302240741,1300,8.7288332568895,5.03677495949754,1.00126738318544,10000,0.229540948970518,0.120121343939104,1.00510193044566,730,1069.35460785225,311.6565159456,1.00882356969344,430,0.268082747686282,0.0567493792435655,1.0028244309931,1600,13.4729938714475,1.36187727358445,1.00122261847715,12000,1012.42681888393,340.222761045424,1.00898733405282,380,0.117514289543615,0.0558120629516619,1.01742679255386,190,0.593490417594875,0.0762540107429357,1.00161279368291,4700,0.503320479453688,0.025302428711796,1.00640322366687,560,5.0103144335881,7.06405859124265,1.00105334386431,38000
"32",-1.45,496.724704658261,164.884332977462,1.00941676244149,360,11.1805100552269,2.73007272402734,1.00329507353546,1300,8.78311292485809,5.1793972658428,1.00126762542918,10000,0.229558765172192,0.120117157411518,1.00511039893662,730,1081.69826380211,318.252144056584,1.00880914237437,430,0.264379699927667,0.0569796900645717,1.00276205128348,1700,13.7212774438469,1.50457193159675,1.00122743536215,12000,1172.9395936991,404.075137146306,1.00883387667853,390,0.117551614487134,0.0558512437928763,1.01742426287238,190,0.594212229549069,0.0768483521104568,1.00161328538782,4700,0.503316957458086,0.0253096758592547,1.00640042929511,560,5.00998873915682,7.25565954143601,1.00105513821248,37000
"33",-1.4,497.518363218749,167.485472256072,1.00946482901044,360,11.3757680342234,2.77488222355341,1.00330615186004,1300,8.85259050704497,5.32820914926759,1.00127702273654,9900,0.229576954709178,0.120112795183804,1.0051198278553,730,1095.86451098124,325.775345712277,1.00880783231403,430,0.260783917925089,0.0572059862023218,1.00270552752988,1700,13.8084694598216,1.50438109318375,1.00136352536092,7700,1342.44663587826,470.861836472406,1.00896862404439,380,0.117591373313182,0.0558921217172462,1.01742127231186,190,0.594939366270589,0.0774580538789085,1.00161278113431,4700,0.503313458552047,0.0253171517596785,1.00639743677563,560,5.00962041974441,7.44684228786276,1.00105490491546,37000
"34",-1.35,497.933346052048,170.150769448052,1.00949261087783,360,11.5800514166522,2.82119810123596,1.00332480568683,1300,8.93268874853522,5.4819354808626,1.00129148594343,9400,0.229595189092719,0.120108259622521,1.00512944284558,730,1111.42739977554,334.09370982685,1.00882653772669,430,0.257283577068843,0.0574131535926705,1.00265095604358,1800,14.0749679520236,1.53509132288975,1.0013480539896,8000,1350.02802576487,474.43454875642,1.00923739511847,370,0.117632915696035,0.0559338050713435,1.01741565631811,190,0.595667613399228,0.0780735700423698,1.0016118390559,4700,0.503310122140113,0.0253247859813835,1.00639500842824,560,5.00955883094505,7.6375047855542,1.00105349789536,38000
"35",-1.3,498.033281109943,172.867277078999,1.00951598331685,360,11.7856987306457,2.87052349934783,1.00335043219298,1300,9.02019104116376,5.63971308697733,1.00131371088287,8800,0.229613399920981,0.120103336953904,1.0051389275459,720,1128.39729669125,343.351588561521,1.00888168290131,430,0.253884636540135,0.0576172675052957,1.00259821666142,1900,14.351661595444,1.54604040962642,1.00127021992512,10000,1275.35626842138,459.566202849561,1.00915144588115,370,0.117675676133892,0.05597582842363,1.01740840854608,190,0.596399566932179,0.078700929199228,1.00161171796775,4700,0.503306833993385,0.0253325571446364,1.006393159985,560,5.00939807958455,7.8271377207216,1.00105211914585,38000
"36",-1.25,497.827977433562,175.628684953717,1.00953644010917,350,11.986238266301,2.92344413717035,1.00336103665603,1300,9.11405155956413,5.80042590485238,1.00133785101769,8200,0.229631674697394,0.120098774439869,1.00514839497399,720,1146.8973062205,353.506658186441,1.00894162722216,430,0.250582105008434,0.0578155608032076,1.00254399407942,1900,14.9632513747924,1.57686440480026,1.00145669099313,6200,1192.31043704911,437.473160497981,1.00923314162737,370,0.117720863062563,0.0560204406918311,1.01740042286521,190,0.597132960178906,0.0793370311611549,1.00160862436033,4700,0.503303284917806,0.0253404563623092,1.00639092343702,560,5.00864575184942,8.01578790272822,1.00105072234119,39000
"37",-1.2,497.394799071526,178.43251834168,1.00954738758392,350,12.1735299974534,2.98020434058854,1.00338845602343,1200,9.21045195296755,5.96344664818235,1.00135662850983,7800,0.229648699972337,0.120094472312024,1.00515739304221,720,1166.86649279184,364.529354589716,1.00899300508266,430,0.247374820840012,0.0580106557508939,1.0024955135899,2000,14.8021280664518,1.72911033792239,1.00135581215114,7900,1430.9771235129,628.342673315165,1.00745341575208,470,0.117767578937019,0.0560663916998417,1.01739142939849,190,0.597868590895852,0.0799778417160822,1.0016062668673,4700,0.50329955388905,0.0253484213047308,1.00638999822186,560,5.00678765726965,8.20358570470182,1.00104906220638,40000
"38",-1.15,496.904777528876,181.222326627427,1.00954666231152,350,12.3446470242854,3.03932405086057,1.0034053240112,1200,9.30471005462925,6.12581154673568,1.00137747776541,7400,0.229665051268305,0.120091667180158,1.00516627813227,720,1187.29936636663,376.061697805322,1.00899302392546,430,0.244247624694958,0.05820291798083,1.00245268883558,2000,14.8391293477053,1.68834224154154,1.00143787340191,6500,1669.59122832122,636.667088655871,1.00903093917384,380,0.117813583308879,0.0561125909185524,1.01737992763822,190,0.598602030538889,0.080620170074034,1.00160518356076,4800,0.503296169396433,0.0253564832392346,1.00638895197332,560,5.00600292128449,8.39058322097493,1.00104850455285,40000
"39",-1.1,496.547796399933,183.95383150992,1.00952700159865,350,12.4955011339944,3.10020424775562,1.00344183485396,1200,9.39508375325557,6.28720249301174,1.00139787301586,7100,0.229679891544716,0.120089105493974,1.00517505352355,720,1207.02612002456,387.6525129208,1.00900904070477,430,0.241199999185612,0.0583897007045498,1.00241217130095,2100,15.1549309549166,1.85474577817788,1.00149742861052,5700,1507.45907629963,661.896290780711,1.00776370076853,450,0.11785919126209,0.056159058519475,1.01736544390947,190,0.599327992279357,0.0812658796415557,1.00160269455714,4800,0.503292865760639,0.0253649261052228,1.0063873316753,560,5.0053314853251,8.57632628351574,1.00104608004894,41000
"40",-1.05,496.365733410812,186.635589833046,1.00951546745984,360,12.628268492845,3.1613350590581,1.0034822274436,1200,9.48089286077969,6.44682780971614,1.00142113095461,6700,0.229694446453898,0.120087408432376,1.00518292382943,720,1225.96529224256,399.357230394685,1.00902685991626,430,0.238234959069493,0.0585799542479209,1.00237941689217,2100,15.2767397278191,1.8877192906745,1.00160375192266,4800,1698.42990921131,674.295154472997,1.00898861608366,380,0.11790391290492,0.0562062994126949,1.01735237228451,190,0.600046809344063,0.0819113609872029,1.00160100169533,4800,0.503289511441948,0.0253736089994952,1.00638585681204,560,5.00430655447708,8.7608795163795,1.00104272587828,43000
"41",-1,496.365455654575,189.251117379369,1.00948147403234,360,12.7449421501434,3.2227939551297,1.00353715712729,1200,9.5611484770731,6.60419875507065,1.00144369404856,6400,0.229709499188557,0.120086391526731,1.005191075533,720,1243.82236192847,411.011243588257,1.0089984856148,430,0.23535730181796,0.0587724910667633,1.00235578558963,2200,15.6027788536516,1.98453192578347,1.00165898769909,4400,1286.6244901782,511.941841177857,1.00877230258833,390,0.117947353758134,0.0562532446299091,1.01733960227424,190,0.600756848864443,0.0825588516004126,1.0015979084163,4800,0.50328620401523,0.0253825181132157,1.00638402395976,560,5.00282072669536,8.94480485570566,1.0010399033775,45000
"42",-0.95,496.444329923789,191.849200458761,1.00943452166402,360,12.8500778006118,3.28373112533128,1.00360931555626,1100,9.64003759262885,6.75919746244006,1.00146543497873,6100,0.229724256214699,0.120086093770492,1.00519888508328,710,1261.25486388746,422.784215461524,1.00896973355646,440,0.23258055005274,0.0589753475969947,1.00233495271256,2200,15.4706234813093,2.0196368810713,1.0016619276576,4400,1701.17565642199,686.52689904253,1.00884844177586,380,0.117990347698504,0.0562997157742599,1.01732828485651,190,0.601451389662427,0.0832057627078945,1.00159621519243,4800,0.50328277598929,0.0253913838405332,1.00638206738987,560,5.0011764932191,9.12745523099797,1.0010372245075,47000
"43",-0.9,496.712471055602,194.394504357968,1.00938640860291,360,12.9419641970008,3.34322193797382,1.00368707327818,1100,9.71383926565387,6.91160172487072,1.00148939891596,5800,0.229738336008466,0.120086664519168,1.00520687582969,710,1277.52469038842,434.533663337527,1.00894643968703,440,0.229900114844575,0.0591859445787151,1.00232480340981,2200,15.7817182638224,2.12526001630704,1.00175134170599,3900,1341.08754859051,548.752694601174,1.00885531760737,380,0.118031893052497,0.056346305899526,1.01731822783936,190,0.602131256303532,0.0838527020669383,1.00159528248713,4800,0.503279543590312,0.02540059141884,1.00638049013515,560,4.99972960262847,9.30874170237179,1.00103464784716,49000
"44",-0.85,497.194396450315,196.866875800976,1.00933024855065,360,13.0197955535014,3.40179404497693,1.00376665254694,1100,9.78177145053706,7.06054166742539,1.00150897677569,5600,0.229753078001325,0.120088067762618,1.00521435317152,710,1292.23749679863,445.864329537923,1.00890072156155,440,0.227305775015831,0.0594031184190243,1.00232105523911,2200,15.5184142796539,2.12422551554829,1.00182347479845,3500,2253.98403236309,958.790929115314,1.00833196167271,410,0.118071680930448,0.0563929247674012,1.0173090123828,190,0.602790762260411,0.0845007378052424,1.00159412312514,4800,0.503276523937873,0.0254099029586198,1.00637724588337,560,4.99832501037251,9.48940854767979,1.00103263373039,51000
"45",-0.8,498.130125331424,199.206041793234,1.0092803616224,370,13.0769554382422,3.45784140467043,1.00385285218105,1000,9.83959999826325,7.20428403077802,1.00153000252227,5400,0.229767206251075,0.120091147786242,1.00522102882963,710,1303.77543510435,456.260882689348,1.00885342621868,440,0.224782287189735,0.0596280660152673,1.00232158545802,2200,15.7288793852524,2.21292345798274,1.00184188780677,3500,1749.43589743899,734.604665072998,1.00857941008927,400,0.118109079012665,0.056438391920004,1.01730073462435,190,0.603427450103516,0.0851452531829365,1.00159230906576,4900,0.503273510711873,0.0254192953434489,1.0063732583275,560,4.99707805070731,9.66957726120539,1.00103034092574,53000
"46",-0.75,499.363023878262,201.50547998397,1.00924572823725,370,13.1214590486757,3.51206523444174,1.00393420839785,1000,9.8899937061984,7.34364733079636,1.00154811493111,5200,0.229780491920542,0.12009616677047,1.00522754794782,710,1313.24926455637,466.247714611936,1.00881657421257,440,0.222346882112143,0.0598621193830196,1.00232296399251,2200,15.9827148349587,2.28478300195519,1.00194737848701,3100,1585.90561300247,677.33531410681,1.00831649737662,410,0.118145267920856,0.0564840936246264,1.01729602437954,190,0.604040857673086,0.0857848359321361,1.00159108283502,4900,0.503270796989574,0.0254288941708736,1.00636790899253,560,4.99590604351009,9.84961240843161,1.00102827875974,55000
"47",-0.7,500.632886648584,203.823195926542,1.0091954397656,370,13.1638472533682,3.56500453476693,1.00401301885941,990,9.93818661461643,7.48114147589005,1.00156497167665,5100,0.229793946791319,0.120101492232069,1.00523403510544,710,1322.09596532059,476.182649098057,1.00877181839265,440,0.220025925387647,0.0601207512185724,1.00232438960413,2200,16.1113353941399,2.32871424544177,1.00187918094389,3300,1405.89636753944,592.143074638248,1.00858186327684,400,0.118180378844316,0.0565306037645867,1.01728715103964,190,0.604630265106681,0.0864215427991034,1.00158946087014,4900,0.503268161416694,0.0254385510551538,1.00636292934835,560,4.99535052843836,10.028107404355,1.001026972961,56000
"48",-0.65,501.806039432677,206.23034140307,1.00913304859406,370,13.2096650888516,3.61667559153461,1.00407858653429,970,9.98761355027002,7.61698217588377,1.00158503188023,4900,0.229807406080811,0.120107836537035,1.00524035794195,710,1331.51063948074,486.472621364874,1.00869973658383,440,0.217844085118024,0.0604091098552136,1.00232865943038,2200,16.0755205570402,2.371473925905,1.00204131860211,2800,1667.52890163891,728.344716620633,1.00800071924959,430,0.118215455947007,0.0565782910695732,1.01728195290541,190,0.60518806942725,0.087053518297495,1.00158882156705,4900,0.503265353021731,0.0254483486555901,1.00635821131885,560,4.99485386529844,10.2051635773368,1.00102584015316,57000
"49",-0.6,502.868595805798,208.706608927394,1.00903190344999,380,13.2592122373573,3.66731296938685,1.00413658416597,950,10.0382481084901,7.75147293475096,1.00160501191375,4800,0.229819731507236,0.120114715656648,1.00524666570348,710,1341.3828366163,497.158140161877,1.00858726447021,440,0.215800201958005,0.0607320756024572,1.00233413752377,2200,16.0885667049396,2.43785928646692,1.00200865278042,2900,1695.46274987066,814.230814191194,1.00717652886887,490,0.118250198936567,0.0566284984251498,1.01727393881718,190,0.605721197670162,0.087682641082956,1.0015870086599,4900,0.503262280733817,0.0254580868342277,1.00635263222342,560,4.99467523390014,10.3808567826278,1.00102443342909,59000
"50",-0.55,503.80068957884,211.251412728978,1.00891721437647,380,13.3127394303278,3.71731782360689,1.00417645310867,940,10.089421918213,7.88514801075866,1.00162552174162,4600,0.229831742472461,0.120122489046918,1.00525271440179,710,1351.79720857683,508.415344002974,1.00846426694862,450,0.213889947684692,0.0610839151939871,1.00234239683698,2200,16.1573678179953,2.48664054500588,1.00203236925387,2800,1708.28620664956,823.988484373143,1.00691111845906,510,0.118284946273463,0.0566797690205276,1.01726332733268,190,0.606232910062917,0.088310790846311,1.00158625361398,4900,0.50325908316306,0.0254677142867293,1.00634690745215,560,4.99483783588583,10.5560867343585,1.00102331151412,60000
"51",-0.5,504.638622513803,213.889752102919,1.0087758943501,390,13.3696531122718,3.76798428207795,1.0042106069189,930,10.1407349523909,8.01829781248442,1.00164282129094,4500,0.229843492668452,0.120129828809134,1.00525857456418,700,1362.81293360523,520.394754877843,1.00830520840814,450,0.212108703592122,0.0614656215951561,1.00235392124204,2200,16.174463675817,2.51217777779957,1.00210923643428,2600,1804.14211495789,806.696737109413,1.00766886486809,450,0.118318708013727,0.0567318511505164,1.01725281494107,190,0.606723004629747,0.0889351961571832,1.0015850738885,4900,0.503256082633124,0.0254772025560222,1.00634140192499,560,4.9940872286404,10.7298824745644,1.00102252898077,61000
"52",-0.45,505.392911470003,216.571678057337,1.00862735612994,400,13.4296771274841,3.82065697332892,1.00424103671926,920,10.1921215450733,8.15127705642584,1.00165430272893,4400,0.229854455158269,0.120137881726819,1.0052640949849,700,1374.40311754987,533.031382767843,1.00814178684141,460,0.210447822919307,0.0618735032483592,1.00236718614874,2200,16.3158518886955,2.58432450743251,1.0019507565708,3100,1618.30363329437,724.57261934705,1.0077204905969,450,0.118351655536646,0.0567838843916229,1.01723658703316,190,0.607187945830749,0.0895632464765656,1.00158265035789,4900,0.503253411135092,0.0254865726107186,1.00633662193743,560,4.99329956553625,10.9029368565906,1.00102173292744,62000
"53",-0.4,505.996137644064,219.36446150798,1.00847203788444,400,13.4942733565581,3.87729826621475,1.0042556557683,920,10.2442249720443,8.28436205348339,1.00166365127983,4400,0.229865117162022,0.120146196926187,1.00526879820081,700,1387.04059799605,546.706441902508,1.00795007162012,470,0.208912333394073,0.0623115114950631,1.0023840150428,2100,16.364358898546,2.50911348126072,1.00208968040004,2700,1892.30738149262,847.247614013802,1.0077118154892,450,0.118385112086341,0.0568374803760787,1.0172209929051,190,0.607627883403027,0.090190967831037,1.00157914283601,5000,0.503250889796499,0.025495825114069,1.0063324074121,560,4.99179957146776,11.0745333475897,1.00102045445322,64000
"54",-0.35,506.460676936331,222.225531331425,1.00830090044176,410,13.560676606315,3.93916218000296,1.00425372228577,920,10.2973630671825,8.41686601261407,1.00167062163946,4300,0.229874927776765,0.120154263849582,1.00527341996193,700,1400.72166357501,561.378065206037,1.00776489445877,470,0.207501855855237,0.0627832836188521,1.0024007051051,2100,16.501745353489,2.74562923260042,1.00180094113875,3600,1577.15189324356,735.336770822355,1.00733218108054,480,0.118416933921012,0.0568894308399583,1.01720323047161,190,0.608045171784134,0.0908157004931693,1.00157496109232,5000,0.503248326741675,0.0255049040256166,1.00632736208023,560,4.99044679627905,11.2449242393865,1.00101892714731,66000
"55",-0.3,506.669044972332,225.259449894141,1.0081212476341,420,13.6333205874435,4.00600966469982,1.00423158310565,930,10.3527080887929,8.55031953402816,1.00167205146766,4300,0.229884519692994,0.120162024884123,1.00527831142959,700,1416.05659472981,577.330388161142,1.00756804547539,480,0.206216931925879,0.0632945492625317,1.00241586786477,2100,16.6329047208356,2.72896703817637,1.00182258921768,3500,1707.47978757973,788.758629876019,1.00725359086812,480,0.11845087156329,0.056943476956314,1.01718696896942,190,0.6084411051738,0.0914442357980731,1.00157146603131,5000,0.50324613000953,0.0255137556124023,1.00632231077362,560,4.9887874623693,11.4138482116931,1.00101735941907,68000
"56",-0.25,506.643163749186,228.41983578496,1.0079445454128,430,13.709779502966,4.07901221089729,1.00420510237907,930,10.4095313873863,8.68485710785543,1.00167129092086,4300,0.229894135953626,0.120169674684514,1.00528365388786,700,1432.96641558927,594.635316100971,1.00738574385213,490,0.205049221423538,0.063841670299896,1.00243069458116,2100,16.5670927806532,2.95892229520524,1.00187903690715,3300,1847.18667959942,953.361084306315,1.00622755778507,580,0.118485319593388,0.0569991376406832,1.01716719518331,190,0.608818586791763,0.0920725559294582,1.00156623945013,5100,0.503243910386055,0.025522470719505,1.00631577223251,570,4.9869063915273,11.5813902233235,1.00101605627798,71000
"57",-0.2,506.462270321204,231.688055175222,1.00777064659499,450,13.7871622259183,4.15825873594705,1.00416103742011,950,10.4665497183959,8.82091225829712,1.00167134723873,4300,0.229902297521983,0.120176634858939,1.00528902556216,700,1450.91035411019,613.215336490194,1.00719746527015,500,0.203990999556093,0.064425123405057,1.00244003657863,2100,16.517411474745,3.05485909080513,1.00176774156647,3800,1892.10356448529,912.023319782722,1.0065984095252,540,0.118520175363524,0.0570567809182585,1.01714398977495,190,0.60918156274001,0.0927062774518102,1.00156127357545,5100,0.503241635583125,0.025531202168773,1.00630914558058,570,4.9849179290921,11.7477558698609,1.00101510142303,72000
"58",-0.15,506.210504228701,235.069440684672,1.00758398211805,460,13.8624860407893,4.24362880119825,1.0041105921209,960,10.5225981642675,8.95818496256677,1.00166838105033,4300,0.229909691486816,0.120184875185685,1.00529418211476,700,1469.29734309812,633.211157231871,1.0069995429743,510,0.203023438538301,0.0650399759231125,1.00244580645128,2000,16.7186621227408,3.18951770352715,1.00172725949703,4000,2037.57863392325,1011.1494727165,1.0062925603589,570,0.118555090267679,0.0571174428237908,1.01711859073672,190,0.609532405909316,0.093343818351825,1.00155658559064,5200,0.503239306648667,0.0255397290416464,1.00630373529103,570,4.98343323006904,11.9128934584983,1.00101438724329,73000
"59",-0.0999999999999996,505.972583317808,238.549389208031,1.00739433551339,470,13.9345055537952,4.33616647154938,1.00405754153881,980,10.5754256311777,9.09618818802711,1.00166506133534,4300,0.229917033644746,0.120193447247229,1.00529972787487,700,1487.71843147536,654.592173887606,1.00677755979293,530,0.202136965969618,0.0656873975651822,1.00244946049257,2000,16.6894987564568,3.34679015927358,1.00158100418333,4900,1869.41653178329,941.49854042419,1.00624517305505,570,0.118590295027332,0.0571796313419599,1.01709164697396,190,0.6098723657592,0.0939868057477124,1.00155473872823,5200,0.503237043837019,0.0255480024204123,1.00629781865843,570,4.98192025757277,12.0766466219425,1.00101386716404,74000
"60",-0.05,505.716518831428,242.122574308179,1.00719866689013,490,14.0036148414841,4.43585199988821,1.00398907588245,1000,10.6255933435432,9.23455479553866,1.00166177870128,4400,0.229924051338901,0.120202910281739,1.00530445845972,700,1506.20641209439,677.451794107246,1.0065320842012,540,0.201322590295492,0.0663598114286704,1.00245060114989,2000,16.7416710097736,3.50703987953002,1.00158413286367,4900,2077.66062053448,1071.6402452893,1.00610159975606,590,0.118625247181438,0.0572426479277341,1.01706776951158,190,0.610204778765301,0.0946418821794108,1.0015518198575,5200,0.503234854264029,0.0255563264986047,1.00629341244137,570,4.98092850885178,12.2390851933566,1.00101336921395,75000
