"","age","ice_forcing"
"1",2.58,0.04
"2",2.579,0.05
"3",2.578,0.02
"4",2.577,-0.05
"5",2.576,-0.12
"6",2.575,-0.21
"7",2.574,-0.26
"8",2.573,-0.28
"9",2.572,-0.3
"10",2.571,-0.31
"11",2.57,-0.34
"12",2.569,-0.38
"13",2.568,-0.45
"14",2.567,-0.53
"15",2.566,-0.59
"16",2.565,-0.62
"17",2.564,-0.62
"18",2.563,-0.59
"19",2.562,-0.55
"20",2.561,-0.49
"21",2.56,-0.46
"22",2.559,-0.44
"23",2.558,-0.43
"24",2.557,-0.43
"25",2.556,-0.41
"26",2.555,-0.38
"27",2.554,-0.33
"28",2.553,-0.26
"29",2.552,-0.18
"30",2.551,-0.11
"31",2.55,-0.07
"32",2.549,-0.05
"33",2.548,-0.04
"34",2.547,-0.04
"35",2.546,-0.05
"36",2.545,-0.07
"37",2.544,-0.11
"38",2.543,-0.17
"39",2.542,-0.29
"40",2.541,-0.47
"41",2.54,-0.73
"42",2.539,-1.08
"43",2.538,-1.39
"44",2.537,-1.64
"45",2.536,-1.82
"46",2.535,-1.93
"47",2.534,-2.03
"48",2.533,-2.12
"49",2.532,-2.2
"50",2.531,-2.25
"51",2.53,-2.3
"52",2.529,-2.35
"53",2.528,-2.4
"54",2.527,-2.45
"55",2.526,-2.49
"56",2.525,-2.5
"57",2.524,-2.51
"58",2.523,-2.52
"59",2.522,-2.54
"60",2.521,-2.57
"61",2.52,-2.57
"62",2.519,-2.56
"63",2.518,-2.51
"64",2.517,-2.43
"65",2.516,-2.31
"66",2.515,-2.14
"67",2.514,-2
"68",2.513,-1.91
"69",2.512,-1.81
"70",2.511,-1.69
"71",2.51,-1.46
"72",2.509,-1.14
"73",2.508,-0.84
"74",2.507,-0.59
"75",2.506,-0.44
"76",2.505,-0.41
"77",2.504,-0.37
"78",2.503,-0.31
"79",2.502,-0.25
"80",2.501,-0.17
"81",2.5,-0.14
"82",2.499,-0.15
"83",2.498,-0.21
"84",2.497,-0.3
"85",2.496,-0.44
"86",2.495,-0.6
"87",2.494,-0.88
"88",2.493,-1.28
"89",2.492,-1.66
"90",2.491,-2.03
"91",2.49,-2.32
"92",2.489,-2.53
"93",2.488,-2.66
"94",2.487,-2.7
"95",2.486,-2.71
"96",2.485,-2.69
"97",2.484,-2.62
"98",2.483,-2.49
"99",2.482,-2.32
"100",2.481,-2.13
"101",2.48,-1.96
"102",2.479,-1.81
"103",2.478,-1.59
"104",2.477,-1.32
"105",2.476,-1.1
"106",2.475,-0.95
"107",2.474,-0.77
"108",2.473,-0.56
"109",2.472,-0.43
"110",2.471,-0.36
"111",2.47,-0.29
"112",2.469,-0.23
"113",2.468,-0.17
"114",2.467,-0.13
"115",2.466,-0.09
"116",2.465,-0.07
"117",2.464,-0.06
"118",2.463,-0.07
"119",2.462,-0.09
"120",2.461,-0.13
"121",2.46,-0.16
"122",2.459,-0.19
"123",2.458,-0.21
"124",2.457,-0.23
"125",2.456,-0.3
"126",2.455,-0.4
"127",2.454,-0.63
"128",2.453,-0.98
"129",2.452,-1.31
"130",2.451,-1.61
"131",2.45,-1.85
"132",2.449,-2.02
"133",2.448,-2.15
"134",2.447,-2.24
"135",2.446,-2.3
"136",2.445,-2.34
"137",2.444,-2.36
"138",2.443,-2.36
"139",2.442,-2.37
"140",2.441,-2.39
"141",2.44,-2.4
"142",2.439,-2.41
"143",2.438,-2.43
"144",2.437,-2.46
"145",2.436,-2.48
"146",2.435,-2.51
"147",2.434,-2.52
"148",2.433,-2.5
"149",2.432,-2.45
"150",2.431,-2.39
"151",2.43,-2.22
"152",2.429,-1.94
"153",2.428,-1.61
"154",2.427,-1.23
"155",2.426,-0.94
"156",2.425,-0.74
"157",2.424,-0.59
"158",2.423,-0.5
"159",2.422,-0.43
"160",2.421,-0.39
"161",2.42,-0.33
"162",2.419,-0.26
"163",2.418,-0.21
"164",2.417,-0.21
"165",2.416,-0.2
"166",2.415,-0.21
"167",2.414,-0.21
"168",2.413,-0.22
"169",2.412,-0.22
"170",2.411,-0.22
"171",2.41,-0.24
"172",2.409,-0.27
"173",2.408,-0.37
"174",2.407,-0.55
"175",2.406,-0.8
"176",2.405,-1.12
"177",2.404,-1.28
"178",2.403,-1.29
"179",2.402,-1.25
"180",2.401,-1.15
"181",2.4,-1.07
"182",2.399,-1.02
"183",2.398,-0.95
"184",2.397,-0.86
"185",2.396,-0.79
"186",2.395,-0.76
"187",2.394,-0.77
"188",2.393,-0.8
"189",2.392,-0.82
"190",2.391,-0.83
"191",2.39,-0.82
"192",2.389,-0.79
"193",2.388,-0.74
"194",2.387,-0.67
"195",2.386,-0.57
"196",2.385,-0.45
"197",2.384,-0.37
"198",2.383,-0.32
"199",2.382,-0.3
"200",2.381,-0.31
"201",2.38,-0.31
"202",2.379,-0.33
"203",2.378,-0.34
"204",2.377,-0.37
"205",2.376,-0.41
"206",2.375,-0.47
"207",2.374,-0.58
"208",2.373,-0.72
"209",2.372,-0.88
"210",2.371,-1.05
"211",2.37,-1.17
"212",2.369,-1.23
"213",2.368,-1.31
"214",2.367,-1.42
"215",2.366,-1.54
"216",2.365,-1.66
"217",2.364,-1.75
"218",2.363,-1.8
"219",2.362,-1.86
"220",2.361,-1.92
"221",2.36,-1.99
"222",2.359,-2.07
"223",2.358,-2.09
"224",2.357,-2.04
"225",2.356,-1.96
"226",2.355,-1.85
"227",2.354,-1.75
"228",2.353,-1.66
"229",2.352,-1.47
"230",2.351,-1.18
"231",2.35,-0.87
"232",2.349,-0.53
"233",2.348,-0.33
"234",2.347,-0.27
"235",2.346,-0.23
"236",2.345,-0.22
"237",2.344,-0.2
"238",2.343,-0.18
"239",2.342,-0.15
"240",2.341,-0.13
"241",2.34,-0.12
"242",2.339,-0.1
"243",2.338,-0.09
"244",2.337,-0.11
"245",2.336,-0.14
"246",2.335,-0.19
"247",2.334,-0.31
"248",2.333,-0.5
"249",2.332,-0.63
"250",2.331,-0.71
"251",2.33,-0.78
"252",2.329,-0.84
"253",2.328,-0.87
"254",2.327,-0.88
"255",2.326,-0.88
"256",2.325,-0.86
"257",2.324,-0.88
"258",2.323,-0.94
"259",2.322,-1.12
"260",2.321,-1.43
"261",2.32,-1.61
"262",2.319,-1.66
"263",2.318,-1.69
"264",2.317,-1.7
"265",2.316,-1.69
"266",2.315,-1.65
"267",2.314,-1.61
"268",2.313,-1.56
"269",2.312,-1.49
"270",2.311,-1.41
"271",2.31,-1.27
"272",2.309,-1.07
"273",2.308,-0.86
"274",2.307,-0.62
"275",2.306,-0.45
"276",2.305,-0.35
"277",2.304,-0.3
"278",2.303,-0.28
"279",2.302,-0.26
"280",2.301,-0.25
"281",2.3,-0.24
"282",2.299,-0.23
"283",2.298,-0.24
"284",2.297,-0.27
"285",2.296,-0.32
"286",2.295,-0.37
"287",2.294,-0.45
"288",2.293,-0.55
"289",2.292,-0.72
"290",2.291,-0.95
"291",2.29,-1.16
"292",2.289,-1.34
"293",2.288,-1.48
"294",2.287,-1.57
"295",2.286,-1.66
"296",2.285,-1.73
"297",2.284,-1.79
"298",2.283,-1.84
"299",2.282,-1.86
"300",2.281,-1.86
"301",2.28,-1.86
"302",2.279,-1.85
"303",2.278,-1.85
"304",2.277,-1.83
"305",2.276,-1.78
"306",2.275,-1.69
"307",2.274,-1.54
"308",2.273,-1.35
"309",2.272,-1.14
"310",2.271,-0.93
"311",2.27,-0.75
"312",2.269,-0.61
"313",2.268,-0.49
"314",2.267,-0.41
"315",2.266,-0.34
"316",2.265,-0.28
"317",2.264,-0.22
"318",2.263,-0.17
"319",2.262,-0.14
"320",2.261,-0.11
"321",2.26,-0.13
"322",2.259,-0.17
"323",2.258,-0.2
"324",2.257,-0.22
"325",2.256,-0.25
"326",2.255,-0.27
"327",2.254,-0.31
"328",2.253,-0.37
"329",2.252,-0.48
"330",2.251,-0.64
"331",2.25,-0.89
"332",2.249,-1.25
"333",2.248,-1.51
"334",2.247,-1.66
"335",2.246,-1.8
"336",2.245,-1.93
"337",2.244,-2.04
"338",2.243,-2.13
"339",2.242,-2.19
"340",2.241,-2.23
"341",2.24,-2.23
"342",2.239,-2.18
"343",2.238,-2.03
"344",2.237,-1.79
"345",2.236,-1.51
"346",2.235,-1.19
"347",2.234,-0.94
"348",2.233,-0.77
"349",2.232,-0.64
"350",2.231,-0.54
"351",2.23,-0.49
"352",2.229,-0.47
"353",2.228,-0.46
"354",2.227,-0.45
"355",2.226,-0.45
"356",2.225,-0.45
"357",2.224,-0.44
"358",2.223,-0.41
"359",2.222,-0.45
"360",2.221,-0.55
"361",2.22,-0.68
"362",2.219,-0.83
"363",2.218,-0.93
"364",2.217,-0.96
"365",2.216,-0.99
"366",2.215,-1.01
"367",2.214,-0.98
"368",2.213,-0.91
"369",2.212,-0.88
"370",2.211,-0.89
"371",2.21,-0.91
"372",2.209,-0.94
"373",2.208,-1.05
"374",2.207,-1.22
"375",2.206,-1.4
"376",2.205,-1.61
"377",2.204,-1.76
"378",2.203,-1.85
"379",2.202,-1.91
"380",2.201,-1.94
"381",2.2,-1.95
"382",2.199,-1.93
"383",2.198,-1.9
"384",2.197,-1.87
"385",2.196,-1.82
"386",2.195,-1.76
"387",2.194,-1.68
"388",2.193,-1.6
"389",2.192,-1.42
"390",2.191,-1.14
"391",2.19,-0.89
"392",2.189,-0.64
"393",2.188,-0.48
"394",2.187,-0.39
"395",2.186,-0.34
"396",2.185,-0.34
"397",2.184,-0.34
"398",2.183,-0.34
"399",2.182,-0.35
"400",2.181,-0.35
"401",2.18,-0.37
"402",2.179,-0.4
"403",2.178,-0.43
"404",2.177,-0.49
"405",2.176,-0.6
"406",2.175,-0.74
"407",2.174,-0.89
"408",2.173,-1.05
"409",2.172,-1.19
"410",2.171,-1.29
"411",2.17,-1.37
"412",2.169,-1.42
"413",2.168,-1.49
"414",2.167,-1.57
"415",2.166,-1.66
"416",2.165,-1.77
"417",2.164,-1.89
"418",2.163,-2.05
"419",2.162,-2.2
"420",2.161,-2.37
"421",2.16,-2.51
"422",2.159,-2.61
"423",2.158,-2.69
"424",2.157,-2.73
"425",2.156,-2.78
"426",2.155,-2.85
"427",2.154,-2.89
"428",2.153,-2.92
"429",2.152,-2.88
"430",2.151,-2.79
"431",2.15,-2.67
"432",2.149,-2.54
"433",2.148,-2.34
"434",2.147,-2.07
"435",2.146,-1.71
"436",2.145,-1.25
"437",2.144,-0.86
"438",2.143,-0.53
"439",2.142,-0.32
"440",2.141,-0.2
"441",2.14,-0.12
"442",2.139,-0.06
"443",2.138,-0.03
"444",2.137,-0.02
"445",2.136,-0.02
"446",2.135,-0.02
"447",2.134,-0.02
"448",2.133,-0.03
"449",2.132,-0.04
"450",2.131,-0.06
"451",2.13,-0.09
"452",2.129,-0.13
"453",2.128,-0.2
"454",2.127,-0.29
"455",2.126,-0.46
"456",2.125,-0.67
"457",2.124,-0.82
"458",2.123,-0.89
"459",2.122,-0.96
"460",2.121,-1.01
"461",2.12,-1.04
"462",2.119,-1.06
"463",2.118,-1.04
"464",2.117,-0.98
"465",2.116,-0.93
"466",2.115,-0.89
"467",2.114,-0.87
"468",2.113,-0.88
"469",2.112,-0.91
"470",2.111,-0.96
"471",2.11,-1.03
"472",2.109,-1.09
"473",2.108,-1.14
"474",2.107,-1.18
"475",2.106,-1.19
"476",2.105,-1.16
"477",2.104,-1.14
"478",2.103,-1.1
"479",2.102,-1.04
"480",2.101,-0.96
"481",2.1,-0.87
"482",2.099,-0.78
"483",2.098,-0.73
"484",2.097,-0.72
"485",2.096,-0.73
"486",2.095,-0.76
"487",2.094,-0.82
"488",2.093,-0.9
"489",2.092,-1.05
"490",2.091,-1.27
"491",2.09,-1.49
"492",2.089,-1.69
"493",2.088,-1.85
"494",2.087,-1.94
"495",2.086,-2.02
"496",2.085,-2.09
"497",2.084,-2.14
"498",2.083,-2.18
"499",2.082,-2.21
"500",2.081,-2.24
"501",2.08,-2.27
"502",2.079,-2.31
"503",2.078,-2.36
"504",2.077,-2.44
"505",2.076,-2.52
"506",2.075,-2.6
"507",2.074,-2.65
"508",2.073,-2.7
"509",2.072,-2.74
"510",2.071,-2.78
"511",2.07,-2.79
"512",2.069,-2.78
"513",2.068,-2.75
"514",2.067,-2.67
"515",2.066,-2.59
"516",2.065,-2.5
"517",2.064,-2.36
"518",2.063,-2.17
"519",2.062,-2
"520",2.061,-1.85
"521",2.06,-1.68
"522",2.059,-1.49
"523",2.058,-1.33
"524",2.057,-1.2
"525",2.056,-1.11
"526",2.055,-1.05
"527",2.054,-1.03
"528",2.053,-1.03
"529",2.052,-1.07
"530",2.051,-1.14
"531",2.05,-1.22
"532",2.049,-1.32
"533",2.048,-1.41
"534",2.047,-1.48
"535",2.046,-1.52
"536",2.045,-1.53
"537",2.044,-1.51
"538",2.043,-1.45
"539",2.042,-1.4
"540",2.041,-1.38
"541",2.04,-1.37
"542",2.039,-1.37
"543",2.038,-1.34
"544",2.037,-1.28
"545",2.036,-1.17
"546",2.035,-1.02
"547",2.034,-0.86
"548",2.033,-0.68
"549",2.032,-0.56
"550",2.031,-0.49
"551",2.03,-0.44
"552",2.029,-0.38
"553",2.028,-0.35
"554",2.027,-0.31
"555",2.026,-0.29
"556",2.025,-0.28
"557",2.024,-0.29
"558",2.023,-0.32
"559",2.022,-0.36
"560",2.021,-0.4
"561",2.02,-0.44
"562",2.019,-0.48
"563",2.018,-0.6
"564",2.017,-0.8
"565",2.016,-1.03
"566",2.015,-1.27
"567",2.014,-1.39
"568",2.013,-1.37
"569",2.012,-1.36
"570",2.011,-1.36
"571",2.01,-1.42
"572",2.009,-1.54
"573",2.008,-1.67
"574",2.007,-1.8
"575",2.006,-1.87
"576",2.005,-1.87
"577",2.004,-1.87
"578",2.003,-1.86
"579",2.002,-1.85
"580",2.001,-1.84
"581",2,-1.8
"582",1.999,-1.72
"583",1.998,-1.65
"584",1.997,-1.58
"585",1.996,-1.5
"586",1.995,-1.42
"587",1.994,-1.36
"588",1.993,-1.34
"589",1.992,-1.3
"590",1.991,-1.25
"591",1.99,-1.17
"592",1.989,-1.06
"593",1.988,-0.91
"594",1.987,-0.7
"595",1.986,-0.55
"596",1.985,-0.43
"597",1.984,-0.36
"598",1.983,-0.31
"599",1.982,-0.29
"600",1.981,-0.29
"601",1.98,-0.29
"602",1.979,-0.3
"603",1.978,-0.32
"604",1.977,-0.35
"605",1.976,-0.38
"606",1.975,-0.39
"607",1.974,-0.42
"608",1.973,-0.47
"609",1.972,-0.53
"610",1.971,-0.6
"611",1.97,-0.66
"612",1.969,-0.73
"613",1.968,-0.8
"614",1.967,-0.86
"615",1.966,-0.99
"616",1.965,-1.19
"617",1.964,-1.49
"618",1.963,-1.89
"619",1.962,-2.1
"620",1.961,-2.11
"621",1.96,-2.1
"622",1.959,-2.08
"623",1.958,-2.07
"624",1.957,-2.09
"625",1.956,-2.13
"626",1.955,-2.19
"627",1.954,-2.23
"628",1.953,-2.25
"629",1.952,-2.25
"630",1.951,-2.25
"631",1.95,-2.25
"632",1.949,-2.26
"633",1.948,-2.27
"634",1.947,-2.27
"635",1.946,-2.27
"636",1.945,-2.27
"637",1.944,-2.21
"638",1.943,-2.1
"639",1.942,-1.93
"640",1.941,-1.72
"641",1.94,-1.5
"642",1.939,-1.28
"643",1.938,-1.13
"644",1.937,-1.05
"645",1.936,-0.97
"646",1.935,-0.89
"647",1.934,-0.79
"648",1.933,-0.68
"649",1.932,-0.63
"650",1.931,-0.68
"651",1.93,-0.69
"652",1.929,-0.69
"653",1.928,-0.7
"654",1.927,-0.7
"655",1.926,-0.72
"656",1.925,-0.74
"657",1.924,-0.78
"658",1.923,-0.86
"659",1.922,-0.96
"660",1.921,-1.1
"661",1.92,-1.19
"662",1.919,-1.24
"663",1.918,-1.27
"664",1.917,-1.31
"665",1.916,-1.37
"666",1.915,-1.45
"667",1.914,-1.53
"668",1.913,-1.6
"669",1.912,-1.66
"670",1.911,-1.68
"671",1.91,-1.7
"672",1.909,-1.69
"673",1.908,-1.72
"674",1.907,-1.77
"675",1.906,-1.82
"676",1.905,-1.87
"677",1.904,-1.9
"678",1.903,-1.92
"679",1.902,-1.93
"680",1.901,-1.93
"681",1.9,-1.89
"682",1.899,-1.82
"683",1.898,-1.74
"684",1.897,-1.66
"685",1.896,-1.59
"686",1.895,-1.53
"687",1.894,-1.47
"688",1.893,-1.41
"689",1.892,-1.37
"690",1.891,-1.33
"691",1.89,-1.3
"692",1.889,-1.3
"693",1.888,-1.29
"694",1.887,-1.31
"695",1.886,-1.33
"696",1.885,-1.35
"697",1.884,-1.38
"698",1.883,-1.4
"699",1.882,-1.4
"700",1.881,-1.38
"701",1.88,-1.37
"702",1.879,-1.36
"703",1.878,-1.36
"704",1.877,-1.36
"705",1.876,-1.37
"706",1.875,-1.39
"707",1.874,-1.42
"708",1.873,-1.46
"709",1.872,-1.57
"710",1.871,-1.74
"711",1.87,-1.9
"712",1.869,-2.07
"713",1.868,-2.19
"714",1.867,-2.28
"715",1.866,-2.38
"716",1.865,-2.49
"717",1.864,-2.52
"718",1.863,-2.5
"719",1.862,-2.42
"720",1.861,-2.3
"721",1.86,-2.12
"722",1.859,-1.9
"723",1.858,-1.62
"724",1.857,-1.27
"725",1.856,-1.04
"726",1.855,-0.92
"727",1.854,-0.84
"728",1.853,-0.8
"729",1.852,-0.8
"730",1.851,-0.83
"731",1.85,-0.89
"732",1.849,-1.01
"733",1.848,-1.11
"734",1.847,-1.2
"735",1.846,-1.23
"736",1.845,-1.2
"737",1.844,-1.16
"738",1.843,-1.11
"739",1.842,-1.1
"740",1.841,-1.13
"741",1.84,-1.17
"742",1.839,-1.22
"743",1.838,-1.25
"744",1.837,-1.25
"745",1.836,-1.24
"746",1.835,-1.22
"747",1.834,-1.19
"748",1.833,-1.16
"749",1.832,-1.09
"750",1.831,-0.96
"751",1.83,-0.91
"752",1.829,-0.93
"753",1.828,-1.01
"754",1.827,-1.18
"755",1.826,-1.29
"756",1.825,-1.37
"757",1.824,-1.42
"758",1.823,-1.44
"759",1.822,-1.5
"760",1.821,-1.58
"761",1.82,-1.67
"762",1.819,-1.8
"763",1.818,-1.84
"764",1.817,-1.79
"765",1.816,-1.71
"766",1.815,-1.62
"767",1.814,-1.53
"768",1.813,-1.43
"769",1.812,-1.31
"770",1.811,-1.16
"771",1.81,-1.04
"772",1.809,-0.95
"773",1.808,-0.92
"774",1.807,-0.95
"775",1.806,-1.02
"776",1.805,-1.12
"777",1.804,-1.34
"778",1.803,-1.67
"779",1.802,-1.91
"780",1.801,-2.04
"781",1.8,-2.12
"782",1.799,-2.16
"783",1.798,-2.21
"784",1.797,-2.26
"785",1.796,-2.31
"786",1.795,-2.36
"787",1.794,-2.39
"788",1.793,-2.39
"789",1.792,-2.36
"790",1.791,-2.29
"791",1.79,-2.23
"792",1.789,-2.18
"793",1.788,-2.09
"794",1.787,-1.96
"795",1.786,-1.87
"796",1.785,-1.83
"797",1.784,-1.76
"798",1.783,-1.69
"799",1.782,-1.57
"800",1.781,-1.4
"801",1.78,-1.25
"802",1.779,-1.12
"803",1.778,-1.01
"804",1.777,-0.92
"805",1.776,-0.84
"806",1.775,-0.77
"807",1.774,-0.7
"808",1.773,-0.64
"809",1.772,-0.59
"810",1.771,-0.56
"811",1.77,-0.55
"812",1.769,-0.56
"813",1.768,-0.59
"814",1.767,-0.61
"815",1.766,-0.63
"816",1.765,-0.65
"817",1.764,-0.68
"818",1.763,-0.68
"819",1.762,-0.7
"820",1.761,-0.72
"821",1.76,-0.78
"822",1.759,-0.87
"823",1.758,-1
"824",1.757,-1.17
"825",1.756,-1.37
"826",1.755,-1.59
"827",1.754,-1.83
"828",1.753,-2.07
"829",1.752,-2.3
"830",1.751,-2.52
"831",1.75,-2.67
"832",1.749,-2.74
"833",1.748,-2.8
"834",1.747,-2.83
"835",1.746,-2.77
"836",1.745,-2.6
"837",1.744,-2.36
"838",1.743,-2.05
"839",1.742,-1.74
"840",1.741,-1.45
"841",1.74,-1.23
"842",1.739,-1.08
"843",1.738,-0.99
"844",1.737,-0.93
"845",1.736,-0.93
"846",1.735,-1
"847",1.734,-1.14
"848",1.733,-1.35
"849",1.732,-1.51
"850",1.731,-1.62
"851",1.73,-1.65
"852",1.729,-1.61
"853",1.728,-1.61
"854",1.727,-1.63
"855",1.726,-1.63
"856",1.725,-1.61
"857",1.724,-1.6
"858",1.723,-1.57
"859",1.722,-1.5
"860",1.721,-1.39
"861",1.72,-1.26
"862",1.719,-1.1
"863",1.718,-1.05
"864",1.717,-1.1
"865",1.716,-1.19
"866",1.715,-1.32
"867",1.714,-1.55
"868",1.713,-1.87
"869",1.712,-2.07
"870",1.711,-2.15
"871",1.71,-2.27
"872",1.709,-2.4
"873",1.708,-2.52
"874",1.707,-2.6
"875",1.706,-2.64
"876",1.705,-2.67
"877",1.704,-2.69
"878",1.703,-2.68
"879",1.702,-2.62
"880",1.701,-2.52
"881",1.7,-2.38
"882",1.699,-2.22
"883",1.698,-2.07
"884",1.697,-1.94
"885",1.696,-1.85
"886",1.695,-1.79
"887",1.694,-1.7
"888",1.693,-1.58
"889",1.692,-1.5
"890",1.691,-1.43
"891",1.69,-1.39
"892",1.689,-1.38
"893",1.688,-1.35
"894",1.687,-1.31
"895",1.686,-1.23
"896",1.685,-1.12
"897",1.684,-1.04
"898",1.683,-0.98
"899",1.682,-0.97
"900",1.681,-1.01
"901",1.68,-1.06
"902",1.679,-1.11
"903",1.678,-1.15
"904",1.677,-1.16
"905",1.676,-1.19
"906",1.675,-1.22
"907",1.674,-1.33
"908",1.673,-1.49
"909",1.672,-1.63
"910",1.671,-1.73
"911",1.67,-1.79
"912",1.669,-1.83
"913",1.668,-1.9
"914",1.667,-2.02
"915",1.666,-2.12
"916",1.665,-2.19
"917",1.664,-2.24
"918",1.663,-2.28
"919",1.662,-2.32
"920",1.661,-2.37
"921",1.66,-2.42
"922",1.659,-2.48
"923",1.658,-2.54
"924",1.657,-2.59
"925",1.656,-2.64
"926",1.655,-2.69
"927",1.654,-2.73
"928",1.653,-2.74
"929",1.652,-2.74
"930",1.651,-2.72
"931",1.65,-2.67
"932",1.649,-2.6
"933",1.648,-2.54
"934",1.647,-2.47
"935",1.646,-2.4
"936",1.645,-2.31
"937",1.644,-2.17
"938",1.643,-1.97
"939",1.642,-1.76
"940",1.641,-1.55
"941",1.64,-1.38
"942",1.639,-1.24
"943",1.638,-1.12
"944",1.637,-1.01
"945",1.636,-0.93
"946",1.635,-0.87
"947",1.634,-0.84
"948",1.633,-0.84
"949",1.632,-0.9
"950",1.631,-1
"951",1.63,-1.15
"952",1.629,-1.34
"953",1.628,-1.47
"954",1.627,-1.55
"955",1.626,-1.57
"956",1.625,-1.55
"957",1.624,-1.48
"958",1.623,-1.39
"959",1.622,-1.39
"960",1.621,-1.47
"961",1.62,-1.58
"962",1.619,-1.72
"963",1.618,-1.83
"964",1.617,-1.91
"965",1.616,-1.94
"966",1.615,-1.94
"967",1.614,-1.9
"968",1.613,-1.82
"969",1.612,-1.74
"970",1.611,-1.68
"971",1.61,-1.58
"972",1.609,-1.44
"973",1.608,-1.27
"974",1.607,-1.05
"975",1.606,-0.87
"976",1.605,-0.7
"977",1.604,-0.56
"978",1.603,-0.44
"979",1.602,-0.39
"980",1.601,-0.4
"981",1.6,-0.45
"982",1.599,-0.52
"983",1.598,-0.61
"984",1.597,-0.72
"985",1.596,-0.93
"986",1.595,-1.25
"987",1.594,-1.45
"988",1.593,-1.53
"989",1.592,-1.57
"990",1.591,-1.56
"991",1.59,-1.53
"992",1.589,-1.5
"993",1.588,-1.49
"994",1.587,-1.51
"995",1.586,-1.57
"996",1.585,-1.68
"997",1.584,-1.84
"998",1.583,-2.04
"999",1.582,-2.18
"1000",1.581,-2.26
"1001",1.58,-2.35
"1002",1.579,-2.45
"1003",1.578,-2.55
"1004",1.577,-2.66
"1005",1.576,-2.72
"1006",1.575,-2.75
"1007",1.574,-2.72
"1008",1.573,-2.62
"1009",1.572,-2.5
"1010",1.571,-2.37
"1011",1.57,-2.14
"1012",1.569,-1.83
"1013",1.568,-1.53
"1014",1.567,-1.23
"1015",1.566,-1.01
"1016",1.565,-0.88
"1017",1.564,-0.81
"1018",1.563,-0.79
"1019",1.562,-0.86
"1020",1.561,-1
"1021",1.56,-1.17
"1022",1.559,-1.37
"1023",1.558,-1.49
"1024",1.557,-1.54
"1025",1.556,-1.55
"1026",1.555,-1.53
"1027",1.554,-1.52
"1028",1.553,-1.51
"1029",1.552,-1.52
"1030",1.551,-1.55
"1031",1.55,-1.61
"1032",1.549,-1.71
"1033",1.548,-1.83
"1034",1.547,-1.99
"1035",1.546,-2.16
"1036",1.545,-2.38
"1037",1.544,-2.57
"1038",1.543,-2.77
"1039",1.542,-2.92
"1040",1.541,-3.04
"1041",1.54,-3.13
"1042",1.539,-3.21
"1043",1.538,-3.27
"1044",1.537,-3.3
"1045",1.536,-3.3
"1046",1.535,-3.27
"1047",1.534,-3.12
"1048",1.533,-2.89
"1049",1.532,-2.68
"1050",1.531,-2.52
"1051",1.53,-2.35
"1052",1.529,-2.17
"1053",1.528,-1.97
"1054",1.527,-1.74
"1055",1.526,-1.53
"1056",1.525,-1.34
"1057",1.524,-1.2
"1058",1.523,-1.11
"1059",1.522,-1.05
"1060",1.521,-1.04
"1061",1.52,-1.05
"1062",1.519,-1.08
"1063",1.518,-1.1
"1064",1.517,-1.13
"1065",1.516,-1.14
"1066",1.515,-1.15
"1067",1.514,-1.2
"1068",1.513,-1.3
"1069",1.512,-1.53
"1070",1.511,-1.9
"1071",1.51,-2.2
"1072",1.509,-2.47
"1073",1.508,-2.62
"1074",1.507,-2.68
"1075",1.506,-2.74
"1076",1.505,-2.81
"1077",1.504,-2.88
"1078",1.503,-2.94
"1079",1.502,-2.98
"1080",1.501,-2.99
"1081",1.5,-2.98
"1082",1.499,-2.94
"1083",1.498,-2.89
"1084",1.497,-2.83
"1085",1.496,-2.73
"1086",1.495,-2.58
"1087",1.494,-2.3
"1088",1.493,-1.92
"1089",1.492,-1.49
"1090",1.491,-1.03
"1091",1.49,-0.71
"1092",1.489,-0.54
"1093",1.488,-0.43
"1094",1.487,-0.38
"1095",1.486,-0.33
"1096",1.485,-0.29
"1097",1.484,-0.23
"1098",1.483,-0.16
"1099",1.482,-0.1
"1100",1.481,-0.06
"1101",1.48,-0.06
"1102",1.479,-0.09
"1103",1.478,-0.13
"1104",1.477,-0.19
"1105",1.476,-0.21
"1106",1.475,-0.21
"1107",1.474,-0.23
"1108",1.473,-0.27
"1109",1.472,-0.38
"1110",1.471,-0.56
"1111",1.47,-1.04
"1112",1.469,-1.81
"1113",1.468,-2.3
"1114",1.467,-2.53
"1115",1.466,-2.68
"1116",1.465,-2.78
"1117",1.464,-2.85
"1118",1.463,-2.9
"1119",1.462,-2.94
"1120",1.461,-2.97
"1121",1.46,-3.02
"1122",1.459,-3.07
"1123",1.458,-3.08
"1124",1.457,-3.05
"1125",1.456,-2.97
"1126",1.455,-2.84
"1127",1.454,-2.61
"1128",1.453,-2.28
"1129",1.452,-1.8
"1130",1.451,-1.18
"1131",1.45,-0.74
"1132",1.449,-0.47
"1133",1.448,-0.31
"1134",1.447,-0.25
"1135",1.446,-0.21
"1136",1.445,-0.19
"1137",1.444,-0.13
"1138",1.443,-0.02
"1139",1.442,0.06
"1140",1.441,0.11
"1141",1.44,0.15
"1142",1.439,0.18
"1143",1.438,0.17
"1144",1.437,0.13
"1145",1.436,0.07
"1146",1.435,-0.02
"1147",1.434,-0.07
"1148",1.433,-0.11
"1149",1.432,-0.15
"1150",1.431,-0.2
"1151",1.43,-0.29
"1152",1.429,-0.41
"1153",1.428,-0.58
"1154",1.427,-0.82
"1155",1.426,-1.11
"1156",1.425,-1.44
"1157",1.424,-1.7
"1158",1.423,-1.87
"1159",1.422,-2.01
"1160",1.421,-2.11
"1161",1.42,-2.17
"1162",1.419,-2.19
"1163",1.418,-2.24
"1164",1.417,-2.32
"1165",1.416,-2.46
"1166",1.415,-2.66
"1167",1.414,-2.82
"1168",1.413,-2.95
"1169",1.412,-3
"1170",1.411,-3
"1171",1.41,-2.91
"1172",1.409,-2.72
"1173",1.408,-2.57
"1174",1.407,-2.43
"1175",1.406,-2.25
"1176",1.405,-2.02
"1177",1.404,-1.71
"1178",1.403,-1.35
"1179",1.402,-1.08
"1180",1.401,-0.89
"1181",1.4,-0.74
"1182",1.399,-0.64
"1183",1.398,-0.58
"1184",1.397,-0.57
"1185",1.396,-0.6
"1186",1.395,-0.67
"1187",1.394,-0.75
"1188",1.393,-0.83
"1189",1.392,-0.91
"1190",1.391,-1
"1191",1.39,-1.09
"1192",1.389,-1.18
"1193",1.388,-1.28
"1194",1.387,-1.37
"1195",1.386,-1.45
"1196",1.385,-1.52
"1197",1.384,-1.64
"1198",1.383,-1.8
"1199",1.382,-1.95
"1200",1.381,-2.06
"1201",1.38,-2.16
"1202",1.379,-2.25
"1203",1.378,-2.35
"1204",1.377,-2.46
"1205",1.376,-2.58
"1206",1.375,-2.7
"1207",1.374,-2.77
"1208",1.373,-2.79
"1209",1.372,-2.78
"1210",1.371,-2.75
"1211",1.37,-2.7
"1212",1.369,-2.61
"1213",1.368,-2.54
"1214",1.367,-2.48
"1215",1.366,-2.42
"1216",1.365,-2.36
"1217",1.364,-2.26
"1218",1.363,-2.13
"1219",1.362,-1.87
"1220",1.361,-1.48
"1221",1.36,-1.18
"1222",1.359,-0.95
"1223",1.358,-0.76
"1224",1.357,-0.61
"1225",1.356,-0.5
"1226",1.355,-0.43
"1227",1.354,-0.41
"1228",1.353,-0.43
"1229",1.352,-0.48
"1230",1.351,-0.56
"1231",1.35,-0.74
"1232",1.349,-1
"1233",1.348,-1.33
"1234",1.347,-1.72
"1235",1.346,-2
"1236",1.345,-2.18
"1237",1.344,-2.32
"1238",1.343,-2.42
"1239",1.342,-2.49
"1240",1.341,-2.53
"1241",1.34,-2.57
"1242",1.339,-2.61
"1243",1.338,-2.66
"1244",1.337,-2.7
"1245",1.336,-2.75
"1246",1.335,-2.77
"1247",1.334,-2.75
"1248",1.333,-2.69
"1249",1.332,-2.64
"1250",1.331,-2.59
"1251",1.33,-2.55
"1252",1.329,-2.53
"1253",1.328,-2.49
"1254",1.327,-2.46
"1255",1.326,-2.41
"1256",1.325,-2.35
"1257",1.324,-2.3
"1258",1.323,-2.27
"1259",1.322,-2.24
"1260",1.321,-2.18
"1261",1.32,-2.04
"1262",1.319,-1.84
"1263",1.318,-1.59
"1264",1.317,-1.29
"1265",1.316,-1.1
"1266",1.315,-1.02
"1267",1.314,-0.99
"1268",1.313,-1
"1269",1.312,-1.02
"1270",1.311,-1.05
"1271",1.31,-1.17
"1272",1.309,-1.39
"1273",1.308,-1.66
"1274",1.307,-1.98
"1275",1.306,-2.17
"1276",1.305,-2.23
"1277",1.304,-2.29
"1278",1.303,-2.34
"1279",1.302,-2.4
"1280",1.301,-2.46
"1281",1.3,-2.52
"1282",1.299,-2.59
"1283",1.298,-2.63
"1284",1.297,-2.66
"1285",1.296,-2.65
"1286",1.295,-2.61
"1287",1.294,-2.6
"1288",1.293,-2.61
"1289",1.292,-2.65
"1290",1.291,-2.72
"1291",1.29,-2.74
"1292",1.289,-2.71
"1293",1.288,-2.63
"1294",1.287,-2.47
"1295",1.286,-2.27
"1296",1.285,-2
"1297",1.284,-1.69
"1298",1.283,-1.33
"1299",1.282,-1.07
"1300",1.281,-0.92
"1301",1.28,-0.83
"1302",1.279,-0.82
"1303",1.278,-0.89
"1304",1.277,-1.05
"1305",1.276,-1.26
"1306",1.275,-1.51
"1307",1.274,-1.67
"1308",1.273,-1.72
"1309",1.272,-1.77
"1310",1.271,-1.8
"1311",1.27,-1.83
"1312",1.269,-1.85
"1313",1.268,-1.86
"1314",1.267,-1.86
"1315",1.266,-1.87
"1316",1.265,-1.91
"1317",1.264,-1.94
"1318",1.263,-1.97
"1319",1.262,-2
"1320",1.261,-2.03
"1321",1.26,-2.08
"1322",1.259,-2.14
"1323",1.258,-2.23
"1324",1.257,-2.35
"1325",1.256,-2.48
"1326",1.255,-2.64
"1327",1.254,-2.74
"1328",1.253,-2.8
"1329",1.252,-2.86
"1330",1.251,-2.95
"1331",1.25,-2.97
"1332",1.249,-2.94
"1333",1.248,-2.85
"1334",1.247,-2.69
"1335",1.246,-2.44
"1336",1.245,-2.09
"1337",1.244,-1.63
"1338",1.243,-1.06
"1339",1.242,-0.65
"1340",1.241,-0.4
"1341",1.24,-0.23
"1342",1.239,-0.14
"1343",1.238,-0.1
"1344",1.237,-0.11
"1345",1.236,-0.09
"1346",1.235,-0.06
"1347",1.234,-0.03
"1348",1.233,0
"1349",1.232,-0.02
"1350",1.231,-0.08
"1351",1.23,-0.16
"1352",1.229,-0.24
"1353",1.228,-0.33
"1354",1.227,-0.43
"1355",1.226,-0.6
"1356",1.225,-0.85
"1357",1.224,-1.13
"1358",1.223,-1.46
"1359",1.222,-1.78
"1360",1.221,-2.12
"1361",1.22,-2.27
"1362",1.219,-2.23
"1363",1.218,-2.22
"1364",1.217,-2.23
"1365",1.216,-2.29
"1366",1.215,-2.38
"1367",1.214,-2.48
"1368",1.213,-2.57
"1369",1.212,-2.63
"1370",1.211,-2.66
"1371",1.21,-2.69
"1372",1.209,-2.73
"1373",1.208,-2.77
"1374",1.207,-2.82
"1375",1.206,-2.86
"1376",1.205,-2.89
"1377",1.204,-2.93
"1378",1.203,-2.98
"1379",1.202,-3.03
"1380",1.201,-3.09
"1381",1.2,-3.12
"1382",1.199,-3.15
"1383",1.198,-3.13
"1384",1.197,-3.1
"1385",1.196,-3.01
"1386",1.195,-2.88
"1387",1.194,-2.76
"1388",1.193,-2.66
"1389",1.192,-2.55
"1390",1.191,-2.43
"1391",1.19,-2.21
"1392",1.189,-1.88
"1393",1.188,-1.59
"1394",1.187,-1.32
"1395",1.186,-1.17
"1396",1.185,-1.13
"1397",1.184,-1.14
"1398",1.183,-1.2
"1399",1.182,-1.25
"1400",1.181,-1.28
"1401",1.18,-1.33
"1402",1.179,-1.41
"1403",1.178,-1.51
"1404",1.177,-1.62
"1405",1.176,-1.68
"1406",1.175,-1.7
"1407",1.174,-1.67
"1408",1.173,-1.6
"1409",1.172,-1.51
"1410",1.171,-1.42
"1411",1.17,-1.26
"1412",1.169,-1.04
"1413",1.168,-0.9
"1414",1.167,-0.84
"1415",1.166,-0.81
"1416",1.165,-0.81
"1417",1.164,-0.83
"1418",1.163,-0.86
"1419",1.162,-0.9
"1420",1.161,-0.96
"1421",1.16,-1.02
"1422",1.159,-1.07
"1423",1.158,-1.15
"1424",1.157,-1.25
"1425",1.156,-1.33
"1426",1.155,-1.39
"1427",1.154,-1.43
"1428",1.153,-1.47
"1429",1.152,-1.51
"1430",1.151,-1.56
"1431",1.15,-1.61
"1432",1.149,-1.66
"1433",1.148,-1.71
"1434",1.147,-1.75
"1435",1.146,-1.79
"1436",1.145,-1.82
"1437",1.144,-1.89
"1438",1.143,-1.98
"1439",1.142,-2.08
"1440",1.141,-2.17
"1441",1.14,-2.25
"1442",1.139,-2.32
"1443",1.138,-2.41
"1444",1.137,-2.52
"1445",1.136,-2.6
"1446",1.135,-2.65
"1447",1.134,-2.68
"1448",1.133,-2.7
"1449",1.132,-2.75
"1450",1.131,-2.81
"1451",1.13,-2.9
"1452",1.129,-3.01
"1453",1.128,-3.09
"1454",1.127,-3.15
"1455",1.126,-3.18
"1456",1.125,-3.21
"1457",1.124,-3.18
"1458",1.123,-3.11
"1459",1.122,-2.99
"1460",1.121,-2.83
"1461",1.12,-2.7
"1462",1.119,-2.6
"1463",1.118,-2.53
"1464",1.117,-2.47
"1465",1.116,-2.42
"1466",1.115,-2.38
"1467",1.114,-2.3
"1468",1.113,-2.17
"1469",1.112,-2.04
"1470",1.111,-1.92
"1471",1.11,-1.85
"1472",1.109,-1.85
"1473",1.108,-1.86
"1474",1.107,-1.87
"1475",1.106,-1.96
"1476",1.105,-2.12
"1477",1.104,-2.24
"1478",1.103,-2.31
"1479",1.102,-2.39
"1480",1.101,-2.47
"1481",1.1,-2.53
"1482",1.099,-2.55
"1483",1.098,-2.55
"1484",1.097,-2.52
"1485",1.096,-2.46
"1486",1.095,-2.39
"1487",1.094,-2.34
"1488",1.093,-2.3
"1489",1.092,-2.29
"1490",1.091,-2.29
"1491",1.09,-2.28
"1492",1.089,-2.25
"1493",1.088,-2.18
"1494",1.087,-2.06
"1495",1.086,-1.96
"1496",1.085,-1.88
"1497",1.084,-1.8
"1498",1.083,-1.72
"1499",1.082,-1.63
"1500",1.081,-1.54
"1501",1.08,-1.39
"1502",1.079,-1.19
"1503",1.078,-0.99
"1504",1.077,-0.78
"1505",1.076,-0.6
"1506",1.075,-0.43
"1507",1.074,-0.28
"1508",1.073,-0.14
"1509",1.072,-0.06
"1510",1.071,-0.02
"1511",1.07,-0.02
"1512",1.069,-0.04
"1513",1.068,-0.09
"1514",1.067,-0.18
"1515",1.066,-0.48
"1516",1.065,-0.98
"1517",1.064,-1.52
"1518",1.063,-2.1
"1519",1.062,-2.44
"1520",1.061,-2.57
"1521",1.06,-2.72
"1522",1.059,-2.86
"1523",1.058,-2.98
"1524",1.057,-3.06
"1525",1.056,-3.1
"1526",1.055,-3.1
"1527",1.054,-3.09
"1528",1.053,-3.09
"1529",1.052,-3.08
"1530",1.051,-3.04
"1531",1.05,-3.02
"1532",1.049,-3
"1533",1.048,-3.01
"1534",1.047,-3.06
"1535",1.046,-3.1
"1536",1.045,-3.12
"1537",1.044,-3.13
"1538",1.043,-3.13
"1539",1.042,-3.15
"1540",1.041,-3.17
"1541",1.04,-3.2
"1542",1.039,-3.26
"1543",1.038,-3.28
"1544",1.037,-3.28
"1545",1.036,-3.2
"1546",1.035,-3.05
"1547",1.034,-2.89
"1548",1.033,-2.71
"1549",1.032,-2.55
"1550",1.031,-2.41
"1551",1.03,-2.16
"1552",1.029,-1.81
"1553",1.028,-1.58
"1554",1.027,-1.49
"1555",1.026,-1.39
"1556",1.025,-1.27
"1557",1.024,-1.19
"1558",1.023,-1.12
"1559",1.022,-1.13
"1560",1.021,-1.23
"1561",1.02,-1.36
"1562",1.019,-1.52
"1563",1.018,-1.66
"1564",1.017,-1.77
"1565",1.016,-1.93
"1566",1.015,-2.12
"1567",1.014,-2.29
"1568",1.013,-2.43
"1569",1.012,-2.54
"1570",1.011,-2.61
"1571",1.01,-2.66
"1572",1.009,-2.7
"1573",1.008,-2.75
"1574",1.007,-2.79
"1575",1.006,-2.81
"1576",1.005,-2.8
"1577",1.004,-2.74
"1578",1.003,-2.65
"1579",1.002,-2.55
"1580",1.001,-2.44
"1581",1,-2.29
"1582",0.999,-2.09
"1583",0.998,-1.99
"1584",0.997,-1.99
"1585",0.996,-2.02
"1586",0.995,-2.09
"1587",0.994,-2.17
"1588",0.993,-2.25
"1589",0.992,-2.31
"1590",0.991,-2.35
"1591",0.99,-2.4
"1592",0.989,-2.48
"1593",0.988,-2.53
"1594",0.987,-2.59
"1595",0.986,-2.61
"1596",0.985,-2.62
"1597",0.984,-2.56
"1598",0.983,-2.43
"1599",0.982,-2.25
"1600",0.981,-2.02
"1601",0.98,-1.77
"1602",0.979,-1.51
"1603",0.978,-1.34
"1604",0.977,-1.28
"1605",0.976,-1.45
"1606",0.975,-1.84
"1607",0.974,-2.1
"1608",0.973,-2.24
"1609",0.972,-2.37
"1610",0.971,-2.48
"1611",0.97,-2.57
"1612",0.969,-2.66
"1613",0.968,-2.78
"1614",0.967,-2.96
"1615",0.966,-3.17
"1616",0.965,-3.42
"1617",0.964,-3.55
"1618",0.963,-3.55
"1619",0.962,-3.38
"1620",0.961,-3.04
"1621",0.96,-2.59
"1622",0.959,-2.02
"1623",0.958,-1.42
"1624",0.957,-0.79
"1625",0.956,-0.41
"1626",0.955,-0.26
"1627",0.954,-0.16
"1628",0.953,-0.12
"1629",0.952,-0.1
"1630",0.951,-0.11
"1631",0.95,-0.13
"1632",0.949,-0.17
"1633",0.948,-0.22
"1634",0.947,-0.26
"1635",0.946,-0.38
"1636",0.945,-0.59
"1637",0.944,-0.82
"1638",0.943,-1.05
"1639",0.942,-1.29
"1640",0.941,-1.52
"1641",0.94,-1.68
"1642",0.939,-1.77
"1643",0.938,-1.84
"1644",0.937,-1.88
"1645",0.936,-1.96
"1646",0.935,-2.06
"1647",0.934,-2.21
"1648",0.933,-2.4
"1649",0.932,-2.57
"1650",0.931,-2.7
"1651",0.93,-2.82
"1652",0.929,-2.9
"1653",0.928,-3.02
"1654",0.927,-3.18
"1655",0.926,-3.33
"1656",0.925,-3.47
"1657",0.924,-3.59
"1658",0.923,-3.7
"1659",0.922,-3.75
"1660",0.921,-3.78
"1661",0.92,-3.71
"1662",0.919,-3.54
"1663",0.918,-3.31
"1664",0.917,-3
"1665",0.916,-2.76
"1666",0.915,-2.6
"1667",0.914,-2.48
"1668",0.913,-2.42
"1669",0.912,-2.37
"1670",0.911,-2.32
"1671",0.91,-2.28
"1672",0.909,-2.22
"1673",0.908,-2.2
"1674",0.907,-2.23
"1675",0.906,-2.26
"1676",0.905,-2.29
"1677",0.904,-2.35
"1678",0.903,-2.42
"1679",0.902,-2.52
"1680",0.901,-2.65
"1681",0.9,-2.76
"1682",0.899,-2.85
"1683",0.898,-2.92
"1684",0.897,-2.99
"1685",0.896,-3.06
"1686",0.895,-3.13
"1687",0.894,-3.16
"1688",0.893,-3.17
"1689",0.892,-3.17
"1690",0.891,-3.15
"1691",0.89,-3.13
"1692",0.889,-3.11
"1693",0.888,-3.11
"1694",0.887,-3.11
"1695",0.886,-3.13
"1696",0.885,-3.14
"1697",0.884,-3.16
"1698",0.883,-3.21
"1699",0.882,-3.27
"1700",0.881,-3.37
"1701",0.88,-3.44
"1702",0.879,-3.5
"1703",0.878,-3.55
"1704",0.877,-3.59
"1705",0.876,-3.62
"1706",0.875,-3.65
"1707",0.874,-3.65
"1708",0.873,-3.64
"1709",0.872,-3.56
"1710",0.871,-3.41
"1711",0.87,-3.21
"1712",0.869,-2.99
"1713",0.868,-2.71
"1714",0.867,-2.4
"1715",0.866,-1.98
"1716",0.865,-1.46
"1717",0.864,-1.09
"1718",0.863,-0.84
"1719",0.862,-0.66
"1720",0.861,-0.54
"1721",0.86,-0.45
"1722",0.859,-0.4
"1723",0.858,-0.38
"1724",0.857,-0.39
"1725",0.856,-0.44
"1726",0.855,-0.51
"1727",0.854,-0.6
"1728",0.853,-0.7
"1729",0.852,-0.77
"1730",0.851,-0.82
"1731",0.85,-0.82
"1732",0.849,-0.79
"1733",0.848,-0.78
"1734",0.847,-0.78
"1735",0.846,-0.79
"1736",0.845,-0.83
"1737",0.844,-0.97
"1738",0.843,-1.2
"1739",0.842,-1.5
"1740",0.841,-1.86
"1741",0.84,-2.12
"1742",0.839,-2.3
"1743",0.838,-2.38
"1744",0.837,-2.35
"1745",0.836,-2.34
"1746",0.835,-2.34
"1747",0.834,-2.36
"1748",0.833,-2.4
"1749",0.832,-2.42
"1750",0.831,-2.41
"1751",0.83,-2.39
"1752",0.829,-2.36
"1753",0.828,-2.35
"1754",0.827,-2.34
"1755",0.826,-2.32
"1756",0.825,-2.29
"1757",0.824,-2.27
"1758",0.823,-2.25
"1759",0.822,-2.23
"1760",0.821,-2.19
"1761",0.82,-2.19
"1762",0.819,-2.23
"1763",0.818,-2.26
"1764",0.817,-2.3
"1765",0.816,-2.36
"1766",0.815,-2.46
"1767",0.814,-2.55
"1768",0.813,-2.63
"1769",0.812,-2.7
"1770",0.811,-2.77
"1771",0.81,-2.86
"1772",0.809,-2.96
"1773",0.808,-3.07
"1774",0.807,-3.17
"1775",0.806,-3.28
"1776",0.805,-3.4
"1777",0.804,-3.52
"1778",0.803,-3.65
"1779",0.802,-3.75
"1780",0.801,-3.84
"1781",0.8,-3.89
"1782",0.799,-3.91
"1783",0.798,-3.91
"1784",0.797,-3.91
"1785",0.796,-3.86
"1786",0.795,-3.75
"1787",0.794,-3.54
"1788",0.793,-3.2
"1789",0.792,-2.89
"1790",0.791,-2.58
"1791",0.79,-2.19
"1792",0.789,-1.71
"1793",0.788,-1.35
"1794",0.787,-1.11
"1795",0.786,-0.93
"1796",0.785,-0.79
"1797",0.784,-0.71
"1798",0.783,-0.68
"1799",0.782,-0.66
"1800",0.781,-0.66
"1801",0.78,-0.67
"1802",0.779,-0.7
"1803",0.778,-0.77
"1804",0.777,-0.89
"1805",0.776,-1.07
"1806",0.775,-1.32
"1807",0.774,-1.56
"1808",0.773,-1.77
"1809",0.772,-1.91
"1810",0.771,-2
"1811",0.77,-2.11
"1812",0.769,-2.23
"1813",0.768,-2.36
"1814",0.767,-2.51
"1815",0.766,-2.63
"1816",0.765,-2.74
"1817",0.764,-2.82
"1818",0.763,-2.88
"1819",0.762,-2.94
"1820",0.761,-3
"1821",0.76,-3.07
"1822",0.759,-3.17
"1823",0.758,-3.27
"1824",0.757,-3.39
"1825",0.756,-3.49
"1826",0.755,-3.57
"1827",0.754,-3.63
"1828",0.753,-3.67
"1829",0.752,-3.67
"1830",0.751,-3.66
"1831",0.75,-3.67
"1832",0.749,-3.7
"1833",0.748,-3.71
"1834",0.747,-3.7
"1835",0.746,-3.61
"1836",0.745,-3.44
"1837",0.744,-3.23
"1838",0.743,-2.99
"1839",0.742,-2.8
"1840",0.741,-2.65
"1841",0.74,-2.55
"1842",0.739,-2.51
"1843",0.738,-2.46
"1844",0.737,-2.41
"1845",0.736,-2.36
"1846",0.735,-2.32
"1847",0.734,-2.3
"1848",0.733,-2.31
"1849",0.732,-2.33
"1850",0.731,-2.37
"1851",0.73,-2.44
"1852",0.729,-2.56
"1853",0.728,-2.65
"1854",0.727,-2.75
"1855",0.726,-2.86
"1856",0.725,-2.99
"1857",0.724,-3.16
"1858",0.723,-3.36
"1859",0.722,-3.55
"1860",0.721,-3.71
"1861",0.72,-3.83
"1862",0.719,-3.91
"1863",0.718,-3.91
"1864",0.717,-3.83
"1865",0.716,-3.6
"1866",0.715,-3.2
"1867",0.714,-2.89
"1868",0.713,-2.65
"1869",0.712,-2.48
"1870",0.711,-2.36
"1871",0.71,-2.31
"1872",0.709,-2.32
"1873",0.708,-2.28
"1874",0.707,-2.21
"1875",0.706,-2.1
"1876",0.705,-1.96
"1877",0.704,-1.85
"1878",0.703,-1.76
"1879",0.702,-1.65
"1880",0.701,-1.52
"1881",0.7,-1.39
"1882",0.699,-1.25
"1883",0.698,-1.1
"1884",0.697,-0.93
"1885",0.696,-0.85
"1886",0.695,-0.85
"1887",0.694,-0.85
"1888",0.693,-0.85
"1889",0.692,-0.89
"1890",0.691,-0.98
"1891",0.69,-1.24
"1892",0.689,-1.68
"1893",0.688,-2.1
"1894",0.687,-2.48
"1895",0.686,-2.69
"1896",0.685,-2.73
"1897",0.684,-2.78
"1898",0.683,-2.82
"1899",0.682,-2.87
"1900",0.681,-2.93
"1901",0.68,-2.99
"1902",0.679,-3.06
"1903",0.678,-3.12
"1904",0.677,-3.18
"1905",0.676,-3.22
"1906",0.675,-3.27
"1907",0.674,-3.3
"1908",0.673,-3.35
"1909",0.672,-3.38
"1910",0.671,-3.4
"1911",0.67,-3.43
"1912",0.669,-3.47
"1913",0.668,-3.53
"1914",0.667,-3.58
"1915",0.666,-3.62
"1916",0.665,-3.67
"1917",0.664,-3.7
"1918",0.663,-3.74
"1919",0.662,-3.76
"1920",0.661,-3.78
"1921",0.66,-3.77
"1922",0.659,-3.71
"1923",0.658,-3.66
"1924",0.657,-3.61
"1925",0.656,-3.6
"1926",0.655,-3.62
"1927",0.654,-3.63
"1928",0.653,-3.65
"1929",0.652,-3.67
"1930",0.651,-3.68
"1931",0.65,-3.68
"1932",0.649,-3.67
"1933",0.648,-3.66
"1934",0.647,-3.64
"1935",0.646,-3.61
"1936",0.645,-3.6
"1937",0.644,-3.62
"1938",0.643,-3.68
"1939",0.642,-3.75
"1940",0.641,-3.83
"1941",0.64,-3.9
"1942",0.639,-3.96
"1943",0.638,-4.02
"1944",0.637,-4.06
"1945",0.636,-4.11
"1946",0.635,-4.16
"1947",0.634,-4.21
"1948",0.633,-4.26
"1949",0.632,-4.31
"1950",0.631,-4.35
"1951",0.63,-4.36
"1952",0.629,-4.33
"1953",0.628,-4.25
"1954",0.627,-4.1
"1955",0.626,-3.82
"1956",0.625,-3.44
"1957",0.624,-3.13
"1958",0.623,-2.9
"1959",0.622,-2.62
"1960",0.621,-2.29
"1961",0.62,-2
"1962",0.619,-1.74
"1963",0.618,-1.47
"1964",0.617,-1.21
"1965",0.616,-1.03
"1966",0.615,-0.93
"1967",0.614,-0.85
"1968",0.613,-0.77
"1969",0.612,-0.74
"1970",0.611,-0.73
"1971",0.61,-0.88
"1972",0.609,-1.17
"1973",0.608,-1.44
"1974",0.607,-1.72
"1975",0.606,-1.84
"1976",0.605,-1.84
"1977",0.604,-1.86
"1978",0.603,-1.93
"1979",0.602,-1.99
"1980",0.601,-2.05
"1981",0.6,-2.08
"1982",0.599,-2.09
"1983",0.598,-2.1
"1984",0.597,-2.12
"1985",0.596,-2.15
"1986",0.595,-2.2
"1987",0.594,-2.25
"1988",0.593,-2.31
"1989",0.592,-2.35
"1990",0.591,-2.4
"1991",0.59,-2.44
"1992",0.589,-2.46
"1993",0.588,-2.52
"1994",0.587,-2.61
"1995",0.586,-2.68
"1996",0.585,-2.75
"1997",0.584,-2.75
"1998",0.583,-2.72
"1999",0.582,-2.49
"2000",0.581,-2.06
"2001",0.58,-1.57
"2002",0.579,-1.02
"2003",0.578,-0.65
"2004",0.577,-0.46
"2005",0.576,-0.38
"2006",0.575,-0.4
"2007",0.574,-0.5
"2008",0.573,-0.68
"2009",0.572,-1.09
"2010",0.571,-1.73
"2011",0.57,-2.08
"2012",0.569,-2.16
"2013",0.568,-2.2
"2014",0.567,-2.22
"2015",0.566,-2.25
"2016",0.565,-2.31
"2017",0.564,-2.41
"2018",0.563,-2.54
"2019",0.562,-2.61
"2020",0.561,-2.63
"2021",0.56,-2.66
"2022",0.559,-2.71
"2023",0.558,-2.77
"2024",0.557,-2.85
"2025",0.556,-2.93
"2026",0.555,-3
"2027",0.554,-3.1
"2028",0.553,-3.19
"2029",0.552,-3.28
"2030",0.551,-3.36
"2031",0.55,-3.43
"2032",0.549,-3.48
"2033",0.548,-3.51
"2034",0.547,-3.51
"2035",0.546,-3.5
"2036",0.545,-3.45
"2037",0.544,-3.4
"2038",0.543,-3.34
"2039",0.542,-3.28
"2040",0.541,-3.26
"2041",0.54,-3.23
"2042",0.539,-3.21
"2043",0.538,-3.17
"2044",0.537,-3.13
"2045",0.536,-3.02
"2046",0.535,-2.83
"2047",0.534,-2.65
"2048",0.533,-2.5
"2049",0.532,-2.35
"2050",0.531,-2.2
"2051",0.53,-2.03
"2052",0.529,-1.84
"2053",0.528,-1.73
"2054",0.527,-1.7
"2055",0.526,-1.69
"2056",0.525,-1.71
"2057",0.524,-1.78
"2058",0.523,-1.89
"2059",0.522,-2.02
"2060",0.521,-2.17
"2061",0.52,-2.27
"2062",0.519,-2.31
"2063",0.518,-2.34
"2064",0.517,-2.38
"2065",0.516,-2.42
"2066",0.515,-2.48
"2067",0.514,-2.52
"2068",0.513,-2.54
"2069",0.512,-2.52
"2070",0.511,-2.47
"2071",0.51,-2.43
"2072",0.509,-2.38
"2073",0.508,-2.33
"2074",0.507,-2.3
"2075",0.506,-2.2
"2076",0.505,-2.03
"2077",0.504,-1.91
"2078",0.503,-1.85
"2079",0.502,-1.8
"2080",0.501,-1.79
"2081",0.5,-1.76
"2082",0.499,-1.72
"2083",0.498,-1.69
"2084",0.497,-1.67
"2085",0.496,-1.64
"2086",0.495,-1.6
"2087",0.494,-1.52
"2088",0.493,-1.42
"2089",0.492,-1.32
"2090",0.491,-1.23
"2091",0.49,-1.14
"2092",0.489,-1.07
"2093",0.488,-1.06
"2094",0.487,-1.11
"2095",0.486,-1.17
"2096",0.485,-1.25
"2097",0.484,-1.44
"2098",0.483,-1.73
"2099",0.482,-2.08
"2100",0.481,-2.46
"2101",0.48,-2.7
"2102",0.479,-2.79
"2103",0.478,-2.88
"2104",0.477,-2.99
"2105",0.476,-3.1
"2106",0.475,-3.21
"2107",0.474,-3.26
"2108",0.473,-3.27
"2109",0.472,-3.28
"2110",0.471,-3.28
"2111",0.47,-3.27
"2112",0.469,-3.25
"2113",0.468,-3.24
"2114",0.467,-3.24
"2115",0.466,-3.27
"2116",0.465,-3.31
"2117",0.464,-3.34
"2118",0.463,-3.38
"2119",0.462,-3.42
"2120",0.461,-3.46
"2121",0.46,-3.5
"2122",0.459,-3.53
"2123",0.458,-3.55
"2124",0.457,-3.54
"2125",0.456,-3.53
"2126",0.455,-3.51
"2127",0.454,-3.51
"2128",0.453,-3.51
"2129",0.452,-3.54
"2130",0.451,-3.58
"2131",0.45,-3.59
"2132",0.449,-3.59
"2133",0.448,-3.6
"2134",0.447,-3.64
"2135",0.446,-3.7
"2136",0.445,-3.79
"2137",0.444,-3.88
"2138",0.443,-3.97
"2139",0.442,-4.04
"2140",0.441,-4.07
"2141",0.44,-4.09
"2142",0.439,-4.1
"2143",0.438,-4.13
"2144",0.437,-4.18
"2145",0.436,-4.25
"2146",0.435,-4.33
"2147",0.434,-4.4
"2148",0.433,-4.45
"2149",0.432,-4.45
"2150",0.431,-4.4
"2151",0.43,-4.14
"2152",0.429,-3.69
"2153",0.428,-3.33
"2154",0.427,-3.07
"2155",0.426,-2.85
"2156",0.425,-2.66
"2157",0.424,-2.49
"2158",0.423,-2.35
"2159",0.422,-2.18
"2160",0.421,-2
"2161",0.42,-1.82
"2162",0.419,-1.66
"2163",0.418,-1.41
"2164",0.417,-1.09
"2165",0.416,-0.8
"2166",0.415,-0.56
"2167",0.414,-0.38
"2168",0.413,-0.26
"2169",0.412,-0.16
"2170",0.411,-0.07
"2171",0.41,-0.01
"2172",0.409,0.04
"2173",0.408,0.07
"2174",0.407,0.09
"2175",0.406,0.11
"2176",0.405,0.14
"2177",0.404,0.15
"2178",0.403,0.15
"2179",0.402,0.13
"2180",0.401,0.08
"2181",0.4,-0.03
"2182",0.399,-0.2
"2183",0.398,-0.56
"2184",0.397,-1.11
"2185",0.396,-1.57
"2186",0.395,-1.96
"2187",0.394,-2.19
"2188",0.393,-2.26
"2189",0.392,-2.31
"2190",0.391,-2.32
"2191",0.39,-2.33
"2192",0.389,-2.34
"2193",0.388,-2.37
"2194",0.387,-2.41
"2195",0.386,-2.46
"2196",0.385,-2.5
"2197",0.384,-2.55
"2198",0.383,-2.58
"2199",0.382,-2.6
"2200",0.381,-2.63
"2201",0.38,-2.65
"2202",0.379,-2.69
"2203",0.378,-2.71
"2204",0.377,-2.72
"2205",0.376,-2.74
"2206",0.375,-2.79
"2207",0.374,-2.83
"2208",0.373,-2.87
"2209",0.372,-2.91
"2210",0.371,-2.95
"2211",0.37,-2.98
"2212",0.369,-3.01
"2213",0.368,-3.05
"2214",0.367,-3.07
"2215",0.366,-3.12
"2216",0.365,-3.16
"2217",0.364,-3.21
"2218",0.363,-3.25
"2219",0.362,-3.28
"2220",0.361,-3.31
"2221",0.36,-3.32
"2222",0.359,-3.33
"2223",0.358,-3.32
"2224",0.357,-3.32
"2225",0.356,-3.3
"2226",0.355,-3.27
"2227",0.354,-3.27
"2228",0.353,-3.31
"2229",0.352,-3.34
"2230",0.351,-3.39
"2231",0.35,-3.42
"2232",0.349,-3.43
"2233",0.348,-3.47
"2234",0.347,-3.51
"2235",0.346,-3.57
"2236",0.345,-3.66
"2237",0.344,-3.74
"2238",0.343,-3.82
"2239",0.342,-3.78
"2240",0.341,-3.64
"2241",0.34,-3.39
"2242",0.339,-3.04
"2243",0.338,-2.65
"2244",0.337,-2.22
"2245",0.336,-1.74
"2246",0.335,-1.22
"2247",0.334,-0.77
"2248",0.333,-0.4
"2249",0.332,-0.17
"2250",0.331,-0.07
"2251",0.33,-0.02
"2252",0.329,0
"2253",0.328,0.01
"2254",0.327,0.01
"2255",0.326,0.01
"2256",0.325,0.01
"2257",0.324,-0.02
"2258",0.323,-0.1
"2259",0.322,-0.3
"2260",0.321,-0.62
"2261",0.32,-0.9
"2262",0.319,-1.16
"2263",0.318,-1.31
"2264",0.317,-1.34
"2265",0.316,-1.37
"2266",0.315,-1.37
"2267",0.314,-1.38
"2268",0.313,-1.39
"2269",0.312,-1.44
"2270",0.311,-1.52
"2271",0.31,-1.69
"2272",0.309,-1.95
"2273",0.308,-2.17
"2274",0.307,-2.33
"2275",0.306,-2.44
"2276",0.305,-2.51
"2277",0.304,-2.54
"2278",0.303,-2.55
"2279",0.302,-2.58
"2280",0.301,-2.64
"2281",0.3,-2.7
"2282",0.299,-2.76
"2283",0.298,-2.81
"2284",0.297,-2.84
"2285",0.296,-2.87
"2286",0.295,-2.87
"2287",0.294,-2.87
"2288",0.293,-2.85
"2289",0.292,-2.77
"2290",0.291,-2.63
"2291",0.29,-2.51
"2292",0.289,-2.42
"2293",0.288,-2.3
"2294",0.287,-2.16
"2295",0.286,-2.09
"2296",0.285,-2.1
"2297",0.284,-2.14
"2298",0.283,-2.24
"2299",0.282,-2.35
"2300",0.281,-2.48
"2301",0.28,-2.61
"2302",0.279,-2.73
"2303",0.278,-2.83
"2304",0.277,-2.93
"2305",0.276,-3.02
"2306",0.275,-3.11
"2307",0.274,-3.18
"2308",0.273,-3.22
"2309",0.272,-3.25
"2310",0.271,-3.28
"2311",0.27,-3.27
"2312",0.269,-3.24
"2313",0.268,-3.22
"2314",0.267,-3.18
"2315",0.266,-3.16
"2316",0.265,-3.15
"2317",0.264,-3.14
"2318",0.263,-3.16
"2319",0.262,-3.19
"2320",0.261,-3.23
"2321",0.26,-3.28
"2322",0.259,-3.31
"2323",0.258,-3.32
"2324",0.257,-3.32
"2325",0.256,-3.31
"2326",0.255,-3.33
"2327",0.254,-3.34
"2328",0.253,-3.36
"2329",0.252,-3.35
"2330",0.251,-3.3
"2331",0.25,-3.23
"2332",0.249,-3.12
"2333",0.248,-2.99
"2334",0.247,-2.86
"2335",0.246,-2.69
"2336",0.245,-2.47
"2337",0.244,-2.06
"2338",0.243,-1.45
"2339",0.242,-1.01
"2340",0.241,-0.72
"2341",0.24,-0.5
"2342",0.239,-0.37
"2343",0.238,-0.37
"2344",0.237,-0.51
"2345",0.236,-0.99
"2346",0.235,-1.82
"2347",0.234,-2.37
"2348",0.233,-2.65
"2349",0.232,-2.83
"2350",0.231,-2.92
"2351",0.23,-3
"2352",0.229,-3.08
"2353",0.228,-3.15
"2354",0.227,-3.2
"2355",0.226,-3.22
"2356",0.225,-3.21
"2357",0.224,-3.2
"2358",0.223,-3.18
"2359",0.222,-3.04
"2360",0.221,-2.79
"2361",0.22,-2.4
"2362",0.219,-1.85
"2363",0.218,-1.4
"2364",0.217,-1.05
"2365",0.216,-0.83
"2366",0.215,-0.73
"2367",0.214,-0.7
"2368",0.213,-0.74
"2369",0.212,-0.75
"2370",0.211,-0.73
"2371",0.21,-0.81
"2372",0.209,-0.97
"2373",0.208,-1.12
"2374",0.207,-1.28
"2375",0.206,-1.35
"2376",0.205,-1.33
"2377",0.204,-1.33
"2378",0.203,-1.34
"2379",0.202,-1.33
"2380",0.201,-1.28
"2381",0.2,-1.24
"2382",0.199,-1.22
"2383",0.198,-1.25
"2384",0.197,-1.32
"2385",0.196,-1.42
"2386",0.195,-1.57
"2387",0.194,-1.81
"2388",0.193,-2.14
"2389",0.192,-2.47
"2390",0.191,-2.78
"2391",0.19,-3.12
"2392",0.189,-3.49
"2393",0.188,-3.76
"2394",0.187,-3.94
"2395",0.186,-4.07
"2396",0.185,-4.13
"2397",0.184,-4.16
"2398",0.183,-4.15
"2399",0.182,-4.09
"2400",0.181,-3.98
"2401",0.18,-3.85
"2402",0.179,-3.74
"2403",0.178,-3.59
"2404",0.177,-3.4
"2405",0.176,-3.25
"2406",0.175,-3.15
"2407",0.174,-3.09
"2408",0.173,-3.07
"2409",0.172,-3.09
"2410",0.171,-3.16
"2411",0.17,-3.22
"2412",0.169,-3.27
"2413",0.168,-3.32
"2414",0.167,-3.38
"2415",0.166,-3.45
"2416",0.165,-3.55
"2417",0.164,-3.63
"2418",0.163,-3.71
"2419",0.162,-3.77
"2420",0.161,-3.81
"2421",0.16,-3.84
"2422",0.159,-3.84
"2423",0.158,-3.82
"2424",0.157,-3.78
"2425",0.156,-3.73
"2426",0.155,-3.66
"2427",0.154,-3.58
"2428",0.153,-3.5
"2429",0.152,-3.48
"2430",0.151,-3.49
"2431",0.15,-3.53
"2432",0.149,-3.59
"2433",0.148,-3.65
"2434",0.147,-3.72
"2435",0.146,-3.78
"2436",0.145,-3.82
"2437",0.144,-3.86
"2438",0.143,-3.87
"2439",0.142,-3.9
"2440",0.141,-3.94
"2441",0.14,-3.97
"2442",0.139,-3.99
"2443",0.138,-4.01
"2444",0.137,-4.01
"2445",0.136,-3.92
"2446",0.135,-3.71
"2447",0.134,-3.38
"2448",0.133,-2.92
"2449",0.132,-2.39
"2450",0.131,-1.77
"2451",0.13,-1.28
"2452",0.129,-0.91
"2453",0.128,-0.57
"2454",0.127,-0.25
"2455",0.126,-0.04
"2456",0.125,0.07
"2457",0.124,0.13
"2458",0.123,0.13
"2459",0.122,0.12
"2460",0.121,0.1
"2461",0.12,0.06
"2462",0.119,-0.01
"2463",0.118,-0.21
"2464",0.117,-0.53
"2465",0.116,-1.07
"2466",0.115,-1.83
"2467",0.114,-2.29
"2468",0.113,-2.47
"2469",0.112,-2.57
"2470",0.111,-2.63
"2471",0.11,-2.65
"2472",0.109,-2.64
"2473",0.108,-2.61
"2474",0.107,-2.55
"2475",0.106,-2.48
"2476",0.105,-2.4
"2477",0.104,-2.33
"2478",0.103,-2.28
"2479",0.102,-2.23
"2480",0.101,-2.19
"2481",0.1,-2.15
"2482",0.099,-2.12
"2483",0.098,-2.07
"2484",0.097,-2.01
"2485",0.096,-1.98
"2486",0.095,-1.96
"2487",0.094,-2
"2488",0.093,-2.09
"2489",0.092,-2.15
"2490",0.091,-2.21
"2491",0.09,-2.26
"2492",0.089,-2.31
"2493",0.088,-2.33
"2494",0.087,-2.34
"2495",0.086,-2.32
"2496",0.085,-2.28
"2497",0.084,-2.18
"2498",0.083,-2.03
"2499",0.082,-1.98
"2500",0.081,-2.02
"2501",0.08,-2.1
"2502",0.079,-2.2
"2503",0.078,-2.27
"2504",0.077,-2.31
"2505",0.076,-2.35
"2506",0.075,-2.38
"2507",0.074,-2.44
"2508",0.073,-2.53
"2509",0.072,-2.64
"2510",0.071,-2.77
"2511",0.07,-2.89
"2512",0.069,-2.98
"2513",0.068,-3.1
"2514",0.067,-3.21
"2515",0.066,-3.29
"2516",0.065,-3.33
"2517",0.064,-3.36
"2518",0.063,-3.37
"2519",0.062,-3.38
"2520",0.061,-3.39
"2521",0.06,-3.36
"2522",0.059,-3.3
"2523",0.058,-3.21
"2524",0.057,-3.06
"2525",0.056,-2.98
"2526",0.055,-2.93
"2527",0.054,-2.91
"2528",0.053,-2.89
"2529",0.052,-2.87
"2530",0.051,-2.87
"2531",0.05,-2.86
"2532",0.049,-2.87
"2533",0.048,-2.87
"2534",0.047,-2.87
"2535",0.046,-2.88
"2536",0.045,-2.9
"2537",0.044,-2.93
"2538",0.043,-2.99
"2539",0.042,-3.04
"2540",0.041,-3.07
"2541",0.04,-3.09
"2542",0.039,-3.1
"2543",0.038,-3.12
"2544",0.037,-3.14
"2545",0.036,-3.18
"2546",0.035,-3.22
"2547",0.034,-3.28
"2548",0.033,-3.34
"2549",0.032,-3.41
"2550",0.031,-3.48
"2551",0.03,-3.55
"2552",0.029,-3.6
"2553",0.028,-3.67
"2554",0.027,-3.71
"2555",0.026,-3.77
"2556",0.025,-3.81
"2557",0.024,-3.88
"2558",0.023,-3.95
"2559",0.022,-4.03
"2560",0.021,-4.11
"2561",0.02,-4.16
"2562",0.019,-4.19
"2563",0.018,-4.11
"2564",0.017,-3.9
"2565",0.016,-3.55
"2566",0.015,-3.06
"2567",0.014,-2.52
"2568",0.013,-1.95
"2569",0.012,-1.44
"2570",0.011,-1.01
"2571",0.01,-0.65
"2572",0.009,-0.38
"2573",0.008,-0.22
"2574",0.007,-0.16
"2575",0.006,-0.13
"2576",0.005,-0.11
"2577",0.004,-0.08
"2578",0.003,-0.05
"2579",0.002,-0.02
"2580",0.001,0
