age,co2
3.3152825999991365e-7,313.6602846482332
1.2259453199999374e-6,309.6939936066409
2.2935130999999274e-6,311.57094999761165
3.3366031699999892e-6,310.36290017732523
3.3731399599998895e-6,312.8663621464335
4.38416084000005e-6,312.5596867804179
4.4427798300000635e-6,311.9671347125998
4.612611269999888e-6,311.8114965345337
5.037190190000047e-6,310.440204448011
5.23567707999996e-6,311.2775834649954
5.490957340000022e-6,310.224309572614
6.426352059999999e-6,312.36164019507424
7.792658919999895e-6,311.878053578341
7.964587149999943e-6,312.8437329659678
8.22030175000009e-6,312.393938618938
9.160584629999906e-6,311.80226771747726
9.245991239999967e-6,307.7386635857962
1.0030999999999947e-5,309.80091502114107
1.0408172680000008e-5,310.9510867188181
1.0777514919999931e-5,311.21179432912515
1.103227736000008e-5,310.4566675193962
1.1838400000000093e-5,308.47982780846024
1.1870147509999924e-5,311.94102882822733
1.2132119869999997e-5,311.52050972739016
1.2233306950000043e-5,312.3293254879136
1.313678570000002e-5,307.4076931745866
1.4126641909999987e-5,309.3446868650601
1.4290543329999992e-5,307.25859856593024
1.4943698889999952e-5,306.3197983876916
1.6123575399999936e-5,309.6306260790445
1.6406950779999987e-5,307.0755443187391
1.7219075570000086e-5,305.94402817135216
1.7462700710000036e-5,308.27919921307927
1.7706395800000108e-5,308.25556223436706
1.917030616000011e-5,305.7409186942765
2.0613674270000047e-5,305.3808267142061
2.1256399999999985e-5,305.78294147245686
2.146069323000006e-5,305.70537216677735
2.1843200000000025e-5,305.66786848134046
2.2203540369999927e-5,308.01874186181465
2.468695709000008e-5,304.96915678718324
2.5251618980000105e-5,304.7159146968185
2.7163116590000072e-5,306.19862429992156
2.7494957789999945e-5,303.1815383191544
3.02922188e-5,301.8758603769565
3.133160120000002e-5,304.61320734820134
3.2125411880000004e-5,303.85222132002366
3.4213969129999896e-5,301.9151507114715
3.560700403999999e-5,300.7000886560916
3.7484859689999895e-5,301.29772622272134
3.871498595999992e-5,299.25727749401767
3.890461155999992e-5,297.7268153632511
3.928414915000008e-5,298.10624698316605
4.023523068999998e-5,297.86910679162327
4.147609211000008e-5,301.50413540464433
4.422579999999994e-5,299.62686294971274
4.445643668999992e-5,297.32821856127947
4.4649195859999964e-5,299.0235966178361
4.609347466000008e-5,295.9913578166476
4.829812528999992e-5,295.6106368299745
4.982164923999994e-5,294.22072160003313
5.1057595010000115e-5,297.0473645165553
5.134283968999988e-5,295.2814574829282
5.624367503999997e-5,293.80883068272027
5.6341178939999965e-5,293.16654166689625
5.6939699999999905e-5,295.3164626735822
5.7121604489999984e-5,294.8594308441452
5.76094814600001e-5,295.17192926023625
6.01310578099999e-5,290.9175394046256
6.0992519469999935e-5,292.3423879392772
6.260553327000002e-5,294.34178746728605
6.439987096999994e-5,288.1157636999787
6.582009999999992e-5,289.2265988139854
6.62085275699999e-5,289.7624132149648
6.707764627999996e-5,292.46393479402104
7.004941602000009e-5,287.7707291897673
7.309478323000008e-5,289.3281310647417
7.62620196800001e-5,291.5581974658393
7.717362217000005e-5,286.6550967370638
7.995531419999996e-5,286.32578146070443
8.03438782799999e-5,287.9864944292303
8.158508690999997e-5,289.53614491302415
8.226960000000008e-5,287.9922513016967
8.325611204999995e-5,285.05229227816864
8.587161822999997e-5,286.65415816058197
8.702144425999996e-5,285.3533187571561
8.816551931000004e-5,287.17456217295097
9.115595858000006e-5,286.6330756116753
9.33796722699999e-5,283.16210074754474
9.528161881999995e-5,285.56557722684016
9.629172496e-5,288.05443747992655
9.889435269e-5,285.4658308627274
9.917300000000001e-5,288.7903954001126
9.973761839999997e-5,284.00163402345765
1.0267820000000006e-4,286.839237474432
1.0409510939000007e-4,283.6198856894272
1.0534534607000001e-4,283.1828720355646
1.0553888998000002e-4,283.5311237194569
1.0670678711000004e-4,281.58148260537183
1.0917184283000006e-4,283.6545457229947
1.132998e-4,284.151983964357
1.1682279999999992e-4,283.82039231033946
1.1712622381999996e-4,285.0861666968484
1.2307770000000002e-4,285.90893992625405
1.2525500000000011e-4,281.3603652847592
1.3634030000000006e-4,284.43128758236145
1.506636000000001e-4,282.7995518984052
1.5352849999999987e-4,280.40443666000317
1.5405649999999992e-4,282.3047106620081
1.5590349999999986e-4,281.61711795078935
1.697001e-4,273.07371696468044
1.705109e-4,280.23629818436876
1.7654449999999998e-4,277.8559524780317
1.863032000000001e-4,276.3961020284933
1.871217999999999e-4,277.15568662096365
1.9787059999999996e-4,278.00200109884094
1.980684000000001e-4,276.4573287163011
2.0088010000000008e-4,277.6000738939942
2.087428e-4,276.8090000432731
2.1612799999999992e-4,278.3109424912346
2.2699260000000004e-4,277.01330979867544
2.2713560000000007e-4,278.27011023020174
2.5593360000000006e-4,277.35805088594464
2.602585999999999e-4,276.3246167739362
2.6810570000000006e-4,276.6596678045921
3.0090309999999997e-4,278.0152295252318
3.1018550000000005e-4,276.6872122505445
3.214006999999999e-4,273.78076231204557
3.4053919999999996e-4,271.10903046702873
3.465814e-4,275.066577843599
3.590093999999999e-4,279.3568610690018
3.6182330000000004e-4,281.10892823134105
3.7698710000000005e-4,282.5698274885973
3.901370999999999e-4,281.82904146165555
4.0035250000000004e-4,283.5296825674026
4.203243e-4,283.94789036843633
4.484713999999999e-4,283.1247803916497
4.8060320000000003e-4,280.3125047226672
5.008362e-4,282.22658040584827
5.211956e-4,279.7256958832981
5.391394e-4,279.6965499485699
5.596678999999999e-4,280.9115788303861
6.011501000000001e-4,278.3621212274177
6.198800000000001e-4,284.0676432722511
6.425528e-4,281.5784089788515
6.718032000000001e-4,278.4312489162189
6.904929e-4,282.199286054067
6.987306e-4,282.41311047504325
7.390449999999999e-4,283.68828915610504
7.501885999999999e-4,284.54004420226613
7.840184000000001e-4,283.9659747066713
8.037131000000001e-4,284.510584449478
8.343911e-4,282.8416314024614
8.505902000000001e-4,283.0944582572788
8.797973e-4,282.8444160166049
9.008229400000001e-4,280.9667443357615
9.0992083e-4,280.9161701585891
9.3072784e-4,280.06452973881244
9.3242209e-4,279.7987034131486
9.673458299999999e-4,278.7402401551619
9.9234736e-4,277.4071684030988
0.00103587184,280.10552589040225
0.0010745898,279.42044060983585
0.00112767222,278.62300321449914
0.00115689504,279.72469920818
0.00118770454,279.29371083930937
0.0012195665,279.9902637416671
0.00124875007,277.098940914164
0.00128082364,278.45496800258206
0.00131300077,279.58805021854124
0.0013354754400000002,277.86971612986054
0.00136759231,276.19603745957005
0.0013925316700000002,278.4608975547629
0.00139837838,276.5590465243607
0.00143204389,276.78951906858396
0.00146186806,277.1056915049757
0.00151306166,279.9999146746923
0.00154363545,279.12520908544417
0.00156577312,277.24691789826335
0.00159266644,277.79537780888165
0.00163245421,281.692138914424
0.00165439543,280.9089598541969
0.00167555608,280.2444922059889
0.0016839046899999998,278.31439989271746
0.0017093986,280.24908719030117
0.00177546638,277.55589209790946
0.0017964692399999999,278.0719954240161
0.001814,278.1
0.001846,277.5
0.001894,277.4
0.00192,277.9
0.001949,276.7
0.00199970909090909,278
0.0020933590909090914,276.9
0.0022342352727272724,276.7
0.0022655493333333335,276.7
0.0024143166666666664,277.6
0.0025261249696969697,277.9
0.002628015757575757,273.9
0.0027084754545454548,278.9
0.002801760666666666,275.3
0.0029045469090909085,274.7
0.002948816303030303,276.3
0.003056604242424242,274.6
0.0032557281818181814,276.3
0.003283661575757576,273.1
0.003431119272727273,274
0.0035282878787878786,275
0.003644462727272728,273.4
0.0036934076969696965,273
0.003806856969696969,271.5
0.0038561663636363644,275.4
0.003968950606060605,274.9
0.004108666727272728,271.7
0.0042058423636363645,271.6
0.004275076666666667,272.8
0.004342822424242424,271.5
0.004494362424242425,271.1
0.004592819272727273,269.1
0.004647462909090909,269.8
0.004773001515151515,271.5
0.004921201818181818,270.7
0.004981579878787878,269.3
0.005086789939393939,268.6
0.005218566181818183,269.8
0.005311175757575758,267.6
0.005357548545454545,265.3
0.005533289575757576,265.2
0.005581297333333333,267.6
0.005757606363636363,265.9
0.005852259636363636,265.5
0.005934091454545454,260.7
0.005999376060606061,266.7
0.006089807878787879,265.5
0.006301963333333333,263.2
0.006337206909090909,262.7
0.006401244848484847,261.2
0.0065722915757575745,261.1
0.006682545393939393,259.4
0.006769652545454545,262.1
0.006880308666666668,262.9
0.006970077393939396,258.1
0.007038269878787879,257.6
0.007188070303030302,262.3
0.00727401,263
0.0074053238181818175,260.7
0.007497865393939395,258.4
0.007661366363636363,260.1
0.007719591515151516,260.4
0.007860181636363633,259.7
0.007926365393939393,259.2
0.00797585393939394,260.8
0.008116284242424244,259.6
0.008194798787878788,259.3
0.008351876727272728,258.3
0.008459675757575757,261.3
0.008546579090909091,260.7
0.008710678181818183,261.8
0.008781282363636365,259
0.008911853878787877,260.9
0.008992985757575756,260.4
0.009060173939393939,259.3
0.00914301284848485,262
0.009295308848484849,263.7
0.00936111696969697,263.8
0.009436703454545453,265.2
0.00951805903030303,260.6
0.009524439454545454,260.9
0.00955586393939394,263
0.009573266606060607,263.8
0.009901037878787877,264.4
0.009992609575757577,264.2
0.010134503030303032,264
0.010192954545454545,263.4
0.010299554545454547,265.7
0.010366555757575759,264.9
0.010505551515151515,267.5
0.010680480000000003,266.9
0.010801809090909092,266
0.010835743636363636,265.1
0.010954478787878788,267.6
0.011089615757575754,264.8
0.011161063636363636,264.8
0.011185870909090912,265
0.011200576363636364,265.3
0.011256567878787881,264.4
0.011316978787878788,264.1
0.011339370999999999,264.8062514925239
0.011383156,264.8396344162771
0.011399861,268.1638827775123
0.011417453,264.4831386910426
0.011435931,270.14345909208504
0.011453064,268.86948241809176
0.011472799,269.09658248435426
0.011490446,267.1659882944808
0.011507225000000001,267.66344435702626
0.011523934,269.5087267559184
0.011543596,266.8975316078414
0.011559611999999999,262.7402713424808
0.011576406000000001,267.0926460402798
0.011592243,260.7019637596007
0.011611307000000001,261.3035570908851
0.011628966000000001,266.2202091929294
0.011647924,257.13429330946656
0.011664542,247.5528586529488
0.011682818,254.6155973344712
0.011701438,253.99089690085395
0.011719717000000001,256.0430608603061
0.01174065,255.89086904448925
0.011759212,258.7419682040664
0.011780723,258.24947010276907
0.011802789000000001,258.53058047537485
0.0118205,257.16871076552565
0.011843326999999999,254.31017470730887
0.011863118,253.6295799831633
0.011883165999999999,251.56174454316204
0.011904912,255.89657531323917
0.011926956,258.57498699245264
0.011948086,248.91570205793047
0.011969551,253.9931437879996
0.011990691000000001,255.3912977602452
0.012015895,247.85064164274337
0.012037316000000001,248.40713321971356
0.012058796,253.09803694796497
0.012079849,251.03138662276533
0.012105247999999999,255.6570401748525
0.012124583000000001,253.01913649818056
0.012146495,251.13879991205624
0.012168481,251.42428040746907
0.012190414,250.96816256782247
0.01221134,249.6533400802813
0.012232921,249.23182055441777
0.012256477,248.95174624217293
0.012280774,249.37721064234103
0.012301036,248.9240190698803
0.012321275999999999,250.73154369365116
0.012343120999999999,246.9665079337188
0.012365281,244.30941964788175
0.012388308,243.00399847303908
0.012409378,246.4034368607132
0.012431925,247.67023851530325
0.012454816999999998,245.828192028346
0.01247539,246.1791753476704
0.012495838,244.42282246806465
0.01252135,246.7361603977909
0.012543717000000001,249.9226267174943
0.012564615,244.27496932125192
0.012586604,247.01866418752644
0.012607644,248.09151906637945
0.012629853,246.94327763185444
0.012653637,243.94829999483665
0.012673897000000002,242.52904430354567
0.012697141,244.24252191664183
0.0127198,241.5919394471499
0.012739914000000001,247.29878007926465
0.012762576999999999,240.01944039217156
0.012785627,241.49602014897292
0.012809270000000001,242.23335017876877
0.012830152,242.14661205332536
0.012852706,239.34501708789696
0.012873977,241.2383063619222
0.012893384,239.43542944264073
0.012917105,238.7942418996904
0.012939227999999999,238.17670710529904
0.012959751,240.7072616624785
0.012980883,237.14801820813656
0.013001057,239.41877622767905
0.013021916,234.67711437690164
0.013043692999999999,238.86480110696388
0.013066591,237.90902544878452
0.013088223,241.5552999030114
0.013128448000000001,234.8172845805215
0.013172670000000001,236.91006470650157
0.013216195,239.4098936541896
0.013266965,240.4197733780046
0.013304149,236.86022090165332
0.013418102999999999,237.82629259075324
0.013486736999999999,240.25427358439865
0.013531749,235.8255291423037
0.013600808999999998,243.85979844716996
0.013645346,238.54747522687632
0.013712826,241.59139134507328
0.01375873,241.11490412197253
0.013827204,239.0843507235487
0.013871566,237.95158516671216
0.013940227999999999,240.5703386445421
0.014001788000000001,235.91958262522573
0.014022859,237.8687866200197
0.014060093000000001,241.26916500368537
0.014084471999999999,232.88000615516705
0.014120057,236.39805979670948
0.014156604,239.23818680138615
0.014179551,239.36064776017065
0.014205559,238.36133641906827
0.014237445,236.59503531115416
0.014273023999999999,240.21229536304708
0.014298717,239.03677680876376
0.014308608,235.8013722168602
0.014343156000000001,242.07891889663432
0.014354483,238.39005888170095
0.014374989,240.3252352260465
0.014410596999999999,242.5463915992586
0.014422234,242.60460298931037
0.014443283,240.9489026098227
0.014463583,238.61345734214723
0.014497209,242.05538663336657
0.014520852,241.1441164192452
0.014531297,243.17377294839463
0.014541662,235.8323421305916
0.014552933,241.729807649943
0.014563518,239.8599976613367
0.014575933000000001,239.76503812675872
0.014586185,237.9659544143376
0.014595468,235.30951417343593
0.014606209,237.58632963935628
0.014619389,237.97072384125397
0.014629986999999999,240.10202126482596
0.014645202,238.11592408247537
0.014652255999999999,234.62208303328032
0.014664087,233.41678590018032
0.014675119,234.33541847308945
0.014686374,237.49243901935716
0.014696689,228.9069484734525
0.014706958000000001,228.1794674192821
0.014718123999999999,230.52961913650427
0.014730883,234.53668908061695
0.014743189,231.47501430697423
0.014758515,227.90258211780807
0.014763412,224.64412988292017
0.014776283,227.39272967198517
0.014787831,227.78536212593403
0.014799135,228.50250206425628
0.014810614,227.5760816830967
0.014822390999999999,226.50690563613685
0.01483475,228.4041873231957
0.014844772000000001,227.87363187172843
0.014857525,233.1674385645637
0.014869176999999999,232.22123314488175
0.014880662000000001,227.85150672131329
0.014892457,230.6301423785333
0.014904212,228.71528957073212
0.014915908,228.35879507223092
0.014929020000000001,228.46979297537328
0.014953662,228.890295544307
0.014976478,229.78672581367329
0.014987256,227.65098593922204
0.015011479999999999,228.3650655244248
0.015034777000000001,225.38083520649624
0.015072534,228.9948074515769
0.01509581,234.47446894840783
0.015133528,229.67160656998297
0.015156516,228.8057322422929
0.015181113,227.84358475209112
0.015218875,230.18339813242304
0.015243442999999999,228.26585961041695
0.015280741,225.77162913978188
0.015320944,227.64306095288393
0.015345237,228.9165200283857
0.015382846,225.38795165189697
0.015410077999999999,224.74311624898783
0.015462934,223.2710402890986
0.015546395000000001,223.5305343345643
0.01564943,222.7583450509723
0.015704787,222.15764340429956
0.015767681000000002,224.8571801594681
0.015844953,222.36468715588023
0.015920254000000002,223.5107392974745
0.015936522,223.7681909549173
0.015995492,223.7224506956352
0.015998978,224.4079901815647
0.01601467,222.39327867419095
0.016033783,224.4802221411913
0.016083,224.242360124708
0.016114135,222.4115117516632
0.016151209,224.8625784974834
0.016166707,226.1908800011438
0.016187461,221.48984625503215
0.016208708000000002,227.3244742360862
0.016222957,223.23631531576837
0.016240564,220.48517092637948
0.016260727,218.56382460975144
0.016278743000000002,214.2212288682848
0.016296958,212.84367513227136
0.016317429,214.5978424508933
0.016337251,212.42970768970437
0.016354228,214.8309479320241
0.016374888,211.2133503062316
0.016391885999999998,209.50810411665643
0.016410705999999997,212.94888538922996
0.016431323,211.7934498012063
0.016458381,217.18722610003744
0.016472034,213.9380167825644
0.016509932,207.9470733853761
0.016553508999999998,208.65010901966775
0.016590011999999998,208.4614276166706
0.016655879000000002,213.15469236971649
0.016733527999999998,210.24939480334604
0.016797544999999997,205.5254887694144
0.016869315,205.18509194320177
0.016928831,202.9290476816134
0.016994774,204.3247383426767
0.017091847,202.1012164231453
0.017163698,198.631089252931
0.017236244999999997,198.29417538469403
0.017287896,195.87573909141443
0.017311873,194.651413175494
0.017360496,190.50284337603904
0.017385299,193.02021337722056
0.017410026000000002,191.8856673685563
0.017434971,190.75739808941375
0.017460991000000002,193.00049226913703
0.017485291,191.4761142959414
0.017510868,191.58573439908616
0.017534589,192.37047527166976
0.017561458999999998,192.62364839309151
0.017586251,196.96328822867957
0.017612004,195.79039289658348
0.017637878,193.21020619774924
0.017665057,194.3760035369042
0.017691214,191.51895944996556
0.017717049,189.5231390515472
0.01774375,190.411456374954
0.017769713,191.7049630706334
0.017797574,187.25256339861124
0.017825432000000002,191.20739896471937
0.017854603,189.51763426245728
0.017880995,190.2606131810841
0.017907158,191.7237910053392
0.017935988,188.54215704394005
0.017965825,188.6564989836098
0.017992042,188.9556833468375
0.01802445,187.78531136917945
0.018050092,187.7267726989902
0.018081597,188.64072093684447
0.018110627,188.59044595252615
0.018139755,184.87510819689115
0.018173163,189.0114574096496
0.018201792,185.64837724764448
0.018232181,188.87750852438725
0.018264682,188.52153443206024
0.018295805000000002,189.03208526365853
0.018324393,187.12107228232756
0.018360352,188.7315750218415
0.018391159,188.2127161368506
0.018422425,188.46984987600777
0.018457829000000002,187.44688100668245
0.018486591,187.0879474951784
0.018519993999999998,187.6657005045612
0.018582942999999998,188.57060817148655
0.018677396000000002,193.90294365325792
0.018747044999999997,191.27099266967372
0.018803635,192.9746062473733
0.018835151999999997,188.43646889385016
0.018866913,188.49917580509657
0.018993816,192.7099140092297
0.019152786,191.08550485764977
0.019282155,191.584282023408
0.019442724999999998,191.51661846127155
0.019568151000000002,188.95303905155183
0.019629492999999998,191.41876528996983
0.019791187999999998,193.60063929670704
0.019883882000000002,196.05515178135056
0.020018696,193.72302093582547
0.020213307,190.47301770392272
0.020407600999999997,189.99022495118817
0.020536804,193.92595404672443
0.020666489,187.76130879373025
0.020828392,192.65750201107113
0.020964428,190.87078412905063
0.02106769,188.40117180397905
0.021212702,190.05178294941015
0.021345184,187.24278170075527
0.021562853,185.22605259203297
0.021790593,187.9571766507431
0.021913629,190.7825043804128
0.022055594,187.38113959770783
0.022230886,191.2705275530216
0.022292199999999998,187.2242115241
0.0223476,187.0216472475
0.0225501,184.67921815
0.0226041,185.207494535
0.0226508,188.4866056205
0.022749300000000004,190.0135889095
0.0228336,186.13368892427505
0.022994,189.397339585125
0.0230138,190.53007546182505
0.0231073,190.08050149462505
0.023185,188.6041093398
0.0232767,197.67188495835
0.0233584,193.532820435975
0.0234452,186.77935625475
0.0236005,187.98535915199997
0.0238738,183.12944747075
0.024077699999999997,184.6823772
0.024269799999999998,186.726894870075
0.024643599999999998,180.565516782075
0.025163599999999998,180.69369987575
0.025351099999999998,182.66041686875
0.0255436,183.378918299
0.025786,186.541161542
0.026016000000000004,184.51815170625
0.026254499999999997,184.5716823558
0.026315000000000005,183.7673068405
0.0264607,186.0128248
0.026537099999999997,185.5131813934
0.026703699999999997,185.43660435787496
0.026857799999999998,186.43114764435
0.0269549,188.0846282088
0.027042,187.3935686286
0.027084800000000003,186.271358966325
0.0271702,194.928153007
0.027280099999999998,190.0614572262
0.0274419,191.953133708875
0.027502800000000004,191.23379793375
0.0275497,191.5337587855875
0.0275864,191.95350057715
0.0276613,191.46001174245
0.027687,192.712370759625
0.0277141,190.6078690615
0.0277186,189.304523923175
0.0278207,187.586392521325
0.027866400000000003,190.5849616488
0.027885,189.27849064935
0.0279271,188.98634898427505
0.0279732,189.286787345625
0.0280973,189.95757968037495
0.0282141,191.816137593
0.028271599999999997,191.5941937651
0.028369699999999998,192.63389865615
0.028413900000000002,189.156744422
0.0284269,189.6458701976
0.028577400000000003,193.1001041801
0.0286264,192.8154242622
0.028724299999999998,193.80250764615
0.0288419,193.8897968002
0.0289027,192.68758991725
0.028948599999999998,193.2594032754
0.0290089,192.8724796734
0.029150699999999998,192.26433856792505
0.0292053,188.0966829643
0.029249599999999997,192.39141674277
0.0293239,191.0119519104
0.0293661,189.82870639425
0.0294102,189.2132558424
0.0296092,189.24251845
0.0296812,189.77280474485
0.0297428,191.28441196185
0.029837800000000005,190.9669244527
0.0299521,191.375496743275
0.029999,191.5673410079
0.0301015,188.2467783878
0.030181700000000002,188.475316491
0.0302779,186.5173876995
0.030312699999999998,185.9886464213
0.0304005,184.2981804458
0.030528800000000002,182.936081584225
0.030712999999999997,187.1432812245
0.030775699999999996,190.3322228457
0.0311052,187.999563507075
0.0313564,188.4753253155
0.0315241,189.946864958
0.0317921,193.71283854975
0.031818400000000004,192.9276430365
0.0319339,192.507154839675
0.032026900000000004,193.3257604058
0.03207959999999999,193.90502757875
0.032147499999999996,196.4166558834
0.0321506,196.9080549903
0.0323079,192.46518778166669
0.0323612,195.247244775875
0.0324348,194.110429478875
0.0325111,194.606829741
0.0325946,194.4295742917
0.03267779999999999,195.08012700165003
0.032714099999999996,195.93861278715
0.032813100000000005,199.302319209275
0.032880900000000005,196.701816032775
0.033009,196.32609642975
0.033148300000000006,197.646004846875
0.0334175,196.89622890765
0.0334914,197.12526326695
0.0335553,197.79975641045
0.033758100000000006,200.03106638475
0.03384100000000001,195.627148340675
0.0338857,195.2662323655
0.03390749999999999,194.46060405395
0.033925899999999995,194.47027317217496
0.033957,196.47191999325
0.0339915,195.41091567172495
0.0340642,195.93175875274997
0.03419029999999999,194.8874767012333
0.0342508,195.7913334535
0.034312800000000004,196.266613322
0.0343344,196.201852015
0.0345569,199.6474818549
0.0346026,199.48892964
0.03462,200.2924224414
0.034647800000000006,198.89171239745
0.0347106,197.16130487225
0.0348256,202.795646976
0.034866799999999996,203.0917776366
0.0350896,198.7828307793
0.0351658,203.60050857025
0.0352817,205.3761847385
0.035337,204.46706210535
0.0353594,203.6185257355
0.035383,201.35769286432503
0.03544579999999999,200.29875552115
0.03549709999999999,201.06305549865
0.0355085,202.041266727
0.0355307,201.88660042935
0.035567999999999995,201.8276293501
0.03567250000000001,201.81310262977505
0.03570160000000001,200.5019756069
0.0358546,203.2886587452
0.0359483,198.799944457875
0.0360865,204.123014498
0.03617310000000001,201.7797825328
0.036261800000000004,200.09164615275
0.036506300000000005,198.9617645275
0.0365918,205.10239260525
0.0366696,203.76951759
0.036712800000000004,203.7543230524
0.0368202,202.76033458287495
0.0369398,203.514345808
0.037023400000000005,206.3568576216
0.03711860000000001,210.157174784
0.037143199999999994,207.34584681975
0.0372965,208.25190909
0.037302,209.65639176
0.0373381,206.586570978
0.037431,212.5055286975
0.0374613,209.8366778265
0.03761860000000001,214.29589900083332
0.0376475,212.135905967
0.0377772,212.09241359079
0.037895,214.2064208262
0.0380003,211.213425214
0.0380885,214.3603925775
0.038165599999999994,208.33505971042501
0.038192399999999994,206.5229252229
0.0382842,207.411157001
0.038359199999999996,207.99977968
0.038412800000000004,210.7947524055
0.038472900000000004,207.2301825856
0.0385332,210.07869060075
0.0385736,208.23327262075
0.038621800000000005,204.7919056404
0.038670800000000005,204.455553872625
0.03872339999999999,206.543994036
0.038812599999999996,206.085787558
0.0388747,205.650989878
0.0389556,205.98808959113333
0.038976800000000006,202.3448524395
0.0390536,204.2829889158
0.03912050000000001,207.323585223
0.039265699999999994,208.685091262475
0.039303199999999996,209.495641888
0.039319900000000005,209.326456305
0.0393398,207.868080375675
0.0393794,204.77737582488
0.039402900000000005,191.53156337775
0.0394544,198.138503631
0.03951539999999999,200.402973875925
0.03962100000000001,195.70159247466665
0.0397092,196.6742707386
0.039757100000000004,193.581354240625
0.03988499999999999,193.873098888
0.0399005,197.55250733926664
0.0400427,192.5956555545
0.0401121,193.08131430805
0.0401453,193.690311850125
0.0403084,197.90454896091208
0.04048594648,201.3226860426167
0.040553439999999975,201.4844524663303
0.0407543,200.46615960740988
0.040907388600000004,200.96619797440223
0.04116790404000001,201.5320304267976
0.0413035942,204.18539759772148
0.0416059736,205.49006636725477
0.0417592075,201.12434903906265
0.04190068680000001,199.89056576724948
0.042315817500000005,200.8960917386434
0.0426283001,204.82674347655345
0.042849867,206.35415471090323
0.0429680782,204.26047843855292
0.043171885,203.1620719019197
0.043350662500000005,201.66462398159248
0.043515820550000014,204.2219503591491
0.04366115755,203.18091908152513
0.04380901,201.68967291161368
0.04409519614999999,204.30591912829976
0.04420444639999999,201.99679013111552
0.04435046499999999,206.22156348649375
0.04449050250000001,204.82615482707928
0.04465553499999998,212.28537276723185
0.044816010499999996,210.4383494018988
0.04499615699999999,211.4870756888481
0.045142015,207.9533487146811
0.04528038750000002,213.9182293789752
0.0454603224,214.5013713408328
0.045696055000000006,217.51186974587569
0.04587710855000002,222.71746789063323
0.04605733380000001,221.7721744693644
0.046181255,219.24687294689664
0.0463085475,218.34888238109227
0.04663590199999999,216.41663219437743
0.0467464378,214.1828461994789
0.046887935000000006,210.83763232817873
0.04708627499999999,210.2720270577908
0.047314976199999983,207.5966069009341
0.047524356899999995,204.2599351400208
0.04771039000000001,203.7878948817506
0.047943751099999994,205.65965094423697
0.04822318175000001,206.182082950159
0.04842785999999999,200.97514386943084
0.048987952649999986,201.57862918592315
0.049302980399999995,200.12004323663527
0.04946265525,204.0580378539165
0.04972831500000001,203.8713291389937
0.05000651000000001,204.37676012041777
0.050220546899999996,206.744026938688
0.05052741474999999,207.40999031146947
0.05102917010000002,207.63643592103045
0.0514314466,211.57084710504336
0.051779530000000004,215.07712976760632
0.052086819849999993,213.81781717736385
0.052384780900000004,219.08254103386616
0.052573676,220.7236106732058
0.05280074250000002,221.1479059817251
0.05310825250000001,223.71721395019227
0.053400453150000006,223.261990272584
0.05380625204999998,221.13790909272413
0.054156603199999986,220.3743647767866
0.054387125000000015,217.95673832028177
0.05469461249999998,213.88701388029443
0.05501448765000002,216.85790269313733
0.055293459149999995,208.19350573591464
0.05555313,214.7766439566713
0.05590953739999998,210.2748744860088
0.05623712940000001,207.67411308560085
0.05650358249999998,212.4366913146648
0.05721094264999999,215.69652704379405
0.057476264999999985,217.37632438255056
0.057843724700000015,223.71829246142204
0.058217012300000016,224.35339767076476
0.05843331999999998,223.14855036746204
0.05910506914999998,231.2935761342168
0.05938040500000001,226.35329184425115
0.05973346935,223.45481611599993
0.06010988306666667,216.6606807562948
0.06037305923333333,212.8709102876107
0.0605166315,217.25313232793505
0.06081761723333333,213.77895408048403
0.06106087746666666,207.954258455404
0.06123484403333334,210.56770709704924
0.0615541108,210.90340290966515
0.061900723299999995,206.3768851547348
0.06255200602222222,202.5567478249938
0.06277457333333335,202.7086782342372
0.06296089566666668,200.14813320360096
0.06355579266666668,197.40343593339372
0.06389687993333333,197.24236643525396
0.06411377896666667,199.7280299125443
0.06465729413333333,203.6954666984904
0.0648674226,201.6702793802828
0.06504672066666667,199.17080568979725
0.0655464465,208.9757824141881
0.06576451269999999,198.17360428453375
0.06593723266666668,200.59108353507256
0.0664393055,204.3859977224767
0.06695971066666667,207.20522458616009
0.0673145875,201.14189964947187
0.0677296785,203.758804582249
0.0681461885,200.17043811242027
0.06861999346666667,203.42547248921588
0.0690815285,205.42035908699592
0.06959201713333334,211.2583877926514
0.0700521648,215.55081317503783
0.07042726266666667,220.32661122546068
0.07092887216666664,225.17215906542415
0.07127916903333334,235.01577011604033
0.07169365023333335,237.5634446299485
0.07209281486666669,239.45635365708617
0.07249014999999998,232.7908655423784
0.07286604366666669,232.33476105332247
0.07321931633333335,230.89095840633553
0.07375095566666667,232.73507960739272
0.07422148233333335,231.3339802376306
0.074525645,241.2403946279206
0.07506795149999997,243.2700059361268
0.07554513366666668,249.52367746086176
0.07585065049999999,249.93957236494836
0.07624747216666668,239.34140543854343
0.07669673599999996,238.01317290414423
0.07705648050000001,231.68344444807624
0.07761591499999998,224.91795384960736
0.078080753,226.64717080896844
0.07850794999999998,224.1427524434798
0.07896954013333335,227.2993454606292
0.07941036299999998,229.25533496544975
0.07987775800000002,234.7426828516585
0.08033036249999997,230.60058478694177
0.08072178550000002,233.92301778529907
0.08120694249999996,230.32953997112173
0.08171143100000001,234.13416436720672
0.08206879049999997,238.88896579028287
0.0825267192,240.87295493897983
0.08298826099999998,246.32246412221588
0.08355411216666667,247.1003682352176
0.08394089999999997,250.78745315401204
0.08435743850000002,243.16072770547603
0.08493676899999997,238.42310352799865
0.08536746933333335,234.68610329976863
0.0858906938333333,228.7630419503089
0.08649832453333335,223.3774166240217
0.08702763600000002,221.05561058442584
0.08758118,223.62974404078184
0.08813618,217.8009629500103
0.08870104959999997,223.98941409211108
0.08924471600000002,227.3783735355835
0.08969625753333332,228.87834564758057
0.090317294,229.73738145870655
0.09083401500000002,231.55865048827815
0.09144503066666669,231.12075636405777
0.091949738,233.7418402936756
0.09266781750000001,232.45568865935817
0.0934247096,235.1600042216258
0.0938232136666667,238.20709532731436
0.09456854833333332,242.40636016295775
0.095234114,242.91411717720837
0.09592148316666664,246.19646528867355
0.09647488033333335,245.76472950138773
0.09727089099999998,242.35406601147713
0.0979274645,239.85849997327503
0.09858372399999998,243.179887786166
0.09936142233333337,242.98971287919505
0.10007684966666665,245.62557787811392
0.10054317833333334,247.872113110669
0.10132567500000002,244.762424566832
0.101971885,240.0715355271941
0.10276477666666664,237.07327561500705
0.10330874000000002,240.68407213384208
0.10427433333333334,247.7616292879455
0.1043312290909091,238.88
0.10496644545454546,242.36
0.10550714848484849,248.78
0.10598987272727274,257.58
0.10625637575757577,241.4
0.10636825454545457,244.83
0.10697481818181817,240.34
0.10840190909090908,236.43
0.10912941818181818,244.44
0.1098399696969697,244.13
0.11055536363636365,246.69
0.11187680000000001,257.93
0.11263606060606063,256.79
0.11294172727272728,263.12
0.1131192696969697,264.75
0.11367863636363636,260.58
0.11425,267.9
0.11481539393939394,275.07
0.11544667272727271,276.96
0.11590857575757577,273.16
0.11647557575757576,273.63
0.11718555454545454,274.03
0.11761936363636365,274.98
0.11865826969696969,277.72
0.11924251515151517,267.74
0.1197155,274.59
0.12014412121212122,268.73
0.12054290909090908,276.82
0.12142601515151516,279.48
0.1218419696969697,276.61
0.12210000181818181,278.25
0.12229236363636364,279
0.12301395454545454,279.16
0.12363090909090907,274.6
0.12395948484848483,275.87
0.12440451515151517,281.54
0.12481745454545455,275.52
0.12529263333333335,276.81
0.12601370303030304,275.15
0.12669990909090909,273.02
0.1269620303030303,274.93
0.1273138303030303,275.78
0.1275035496969697,276.88
0.12802447636363637,276.03
0.12817266666666668,280.72
0.12846672727272726,285.76
0.128878,271.08
0.12907803636363635,268.44
0.12965563636363636,260.61
0.1303730303030303,251.84
0.13081836363636365,250.84
0.13132219999999997,241.13
0.13197624242424244,232.28
0.1327098787878788,228
0.13293195757575757,224.63
0.13377580606060607,222.74
0.1345222787878788,212.43
0.13656554545454544,203.74
0.13776342424242422,199.18
0.13883429696969699,198.55
0.13994996969696966,192.75
0.1423605618181818,196.51
0.1436513,194.59
0.1447995909090909,196.02
0.14610824363636365,193.59
0.14823346545454547,195.81
0.14946614545454548,201.78
0.15059488484848488,202.51
0.15144485454545453,202.35
0.1537746575757576,198.78
0.1548891272727273,196.3
0.1563068181818182,189.38
0.158666,189
0.159716,185.5
0.16015499999999996,187.5
0.163858,204.3
0.16433465000000003,196.5
0.166143,191.6
0.16678400000000002,190.1
0.1679141,186.7
0.1687455,183.8
0.1695144,196.6
0.171939,197.8
0.174442,197.7
0.17583335,196
0.176853,190.3
0.177533925,189.4
0.1777295,190.1
0.179873,207.7
0.181302,213.2
0.182196,217.7
0.18325799999999998,198.1
0.184371,199.7
0.186411,203.4
0.188437,210.7
0.1898065,231.3
0.1912545,231.4
0.191964075,220.3
0.1930745,218
0.19512650000000004,226.5
0.1957995,220
0.19758735000000002,226.4
0.19832745000000002,241.2
0.198938,242.6
0.201752,250.9
0.2027445,239.1
0.203842,247.6
0.205203275,244.4
0.205575755,231.9
0.20594457500000002,232.2
0.20635993499999997,228.6
0.20689685,226.3
0.2072403,229.4
0.20762289,231.4
0.208108775,238.1
0.208274525,237.2
0.20882157,230
0.209082255,240.5
0.20944504,242.2
0.209966085,244.6
0.21017517000000002,243.9
0.21083206500000004,247.2
0.211058465,252
0.211577835,246.9
0.21207874499999999,239.5
0.21253307500000002,257.4
0.21333035,243.4
0.21415881,251.2
0.21508074499999996,241.4
0.21591233999999998,240.3
0.21630615,242.6
0.21686496499999997,247.5
0.217415635,251.7
0.21769496,251.1
0.21820078499999998,245.3
0.219067605,240.5
0.220935615,214.1
0.22169745999999996,216.1
0.22253957500000004,207.1
0.22312903499999998,208.8
0.22427150500000004,205.6
0.22625982500000005,203.3
0.226849835,215.7
0.22771997500000005,235.5
0.228439415,234.5
0.22876699,233.1
0.22957204500000003,224.5
0.23112966000000001,232.4
0.23219176999999996,233.9
0.23285606,241.6
0.235990855,245.2
0.236426005,252.1
0.2368508,241.4
0.237391655,247.4
0.23790553000000003,243.1
0.238425335,239.1
0.23900826,245.6
0.23938703500000003,245.8
0.23973866,247.4
0.240190365,252.8
0.24133304500000002,259.7
0.24185539999999997,263.2
0.24268546,279
0.24313852,280.2
0.24412176500000002,263.7
0.24458233499999998,252.3
0.24505701000000005,249.9
0.245564,236.7
0.2461888100000001,230.4
0.24687048500000006,219.4
0.24909987000000006,214.7
0.25139057000000004,200.2
0.252132255,213.9
0.2529537200000001,195.4
0.25375668000000007,196.7
0.2545871050000001,195.4
0.25629865999999996,199
0.25706058500000006,201.9
0.2579080650000001,204
0.25939689500000007,203.9
0.26089424000000005,209.6
0.26129392000000007,205.7
0.26205457500000007,208.9
0.2628170950000001,214.6
0.26458376000000006,228.1
0.2661344500000001,199.9
0.267007,211.7
0.26825783000000003,188.7
0.2689955,187.2
0.26994047000000004,194.2
0.27103603500000006,198.8
0.2721496400000001,184.7
0.27316583000000005,190.4
0.27416407500000006,193.9
0.2751546350000001,194.1
0.27625771500000007,198.4
0.2774430000000001,193.2
0.2785909050000001,202.2
0.2796190450000001,204.5
0.28055895000000003,211
0.28140074000000004,215.3
0.28259288999999993,223.7
0.28443468000000005,231.3
0.28593132000000004,228
0.2866099550000001,226.4
0.28744386,231.4
0.28782005000000005,230.4
0.28828642500000007,231
0.2901845,234.9
0.29086379,220.4
0.29156287000000003,217.1
0.2928183100000001,207.6
0.29365074,206
0.29445529000000004,206.7
0.295364225,212.7
0.29682886500000005,213.1
0.29870461500000006,217.1
0.29937628000000005,224.4
0.30011586500000004,231
0.301025615,236.1
0.3020841900000001,239
0.30311600000000005,236
0.30410092000000005,240.2
0.3050998100000001,240.7
0.3057781500000001,250.2
0.30658111500000007,248.6
0.3074632650000001,244.8
0.3083257000000001,225.8
0.30942373,227.8
0.31001097499999997,226.2
0.3107761000000001,233.2
0.31167002499999996,237.8
0.31259343000000006,239
0.31334312500000006,241.9
0.31405185,251.6
0.31483621000000006,256.7
0.31565751500000006,257.1
0.31645071999999996,246.8
0.31714987000000006,272.6
0.31793254500000007,251.6
0.318852595,245.2
0.31982966000000007,233.4
0.32091633500000005,255.8
0.3218174450000001,249.2
0.32338334500000004,257.2
0.324166915,260.4
0.3250074050000001,260.3
0.325823,260.5
0.3265910900000001,266.2
0.32743583499999995,264
0.32808681000000006,266.1
0.32877075000000006,270.1
0.32941429,271.9
0.33005332500000006,275.1
0.33129355000000005,265
0.3321441150000001,271.7
0.33279862000000004,272.6
0.33350008999999997,273.1
0.33399755500000006,282.4
0.33434949500000005,289.1
0.334543885,288.4
0.33510230500000004,298.6
0.33570751000000004,278.1
0.33637754,285.8
0.33686781999999993,278.6
0.33751667,270.5
0.33821350000000006,255.7
0.33899143500000006,241.9
0.33998389000000007,239.6
0.3407350800000001,234.2
0.34279156000000005,250.1
0.3439235850000001,200.7
0.3450008500000001,205.2
0.34632090499999996,204.8
0.3475448050000001,211.9
0.34913908500000007,220.3
0.3516763450000001,221.1
0.353174595,216.2
0.3544129750000001,209.4
0.3558177699999999,209.2
0.35901038000000013,193
0.36068384000000014,186.1
0.3625676,185.8
0.36519023000000017,201.2
0.3680659,206.3
0.37138587000000006,201.9
0.37345761500000013,199.9
0.37520459999999983,214.7
0.3770348800000002,224.6
0.3787602400000001,229.6
0.3829314849999999,227
0.38455744500000016,240
0.3862837100000001,239.1
0.38782481500000016,246.8
0.3894102050000001,245.8
0.3922872499999999,258.1
0.39297715151515145,259.5
0.3940036909090909,273.6
0.39490610303030316,260.7
0.3982751272727272,276.3
0.3999261636363636,277.1
0.40071008484848497,283.2
0.40214091515151507,283.1
0.4028598363636364,275.7
0.404313296969697,276.5
0.40506263030303025,280.5
0.4065428000000001,279.6
0.40728249696969687,285.6
0.4088187151515152,284.5
0.40959823636363624,274.7
0.4104538,282.6
0.4113479696969697,283.5
0.4132586545454545,274.9
0.4142108606060605,264.9
0.41517959393939413,271.6
0.4159456060606061,276.4
0.41642531515151515,271.7
0.4174404424242424,273.4
0.4179567818181817,271.8
0.41850530303030287,274.6
0.4195757818181819,273.7
0.4201337636363636,271.2
0.42070176363636347,273.8
0.4219121454545455,268.6
0.42253265454545447,266.4
0.4232254969696971,270.6
0.42450774545454567,267.7
0.4251322606060606,268.3
0.4257409090909091,270.8
0.4262372727272728,270
0.4266215636363636,265.4
0.4271549636363636,255.3
0.42794139999999986,252.1
0.42884020000000017,248.2
0.4291783636363638,242.5
0.4310237636363637,219.7
0.43217930909090935,227.2
0.4338502969696969,211.5
0.4343790727272727,207.6
0.435939690909091,209.8
0.4374854181818178,207.5
0.439063418181818,200.3
0.4406595818181819,201.7
0.44223077575757597,201.3
0.4438446484848488,202
0.44533172727272735,199.1
0.44721918181818177,201.1
0.4484591818181816,203.5
0.44957103636363654,208.1
0.4506428909090911,201.7
0.4517472787878788,201.2
0.45273583636363646,204.9
0.4537756424242424,201.9
0.4548643090909089,198.4
0.45600161212121176,193.3
0.45711443636363647,192.5
0.45774512727272737,199.1
0.4582082909090909,204.3
0.45879400606060616,203.3
0.4592115515151518,208.3
0.4602522121212121,202.4
0.46128606060606064,195.5
0.46241410303030317,190.7
0.46352664848484826,194.4
0.46459947272727253,199.9
0.4652653636363636,205.2
0.4656017272727272,210
0.46663229696969694,208.1
0.4677066424242425,204.4
0.4688777090909092,203.4
0.4700401272727275,205.5
0.4707259757575755,206.5
0.471200793939394,215.5
0.47182453333333346,218.7
0.4722630666666664,229.2
0.4728632727272727,232.7
0.4732178181818181,243.7
0.4738008484848486,243.9
0.4740923636363638,245.6
0.47497410909090937,241.2
0.47592520000000016,233.1
0.4769497999999998,232.8
0.47794100000000017,236.6
0.4788924606060604,239.1
0.4794029515151514,236.5
0.4797756909090907,231.3
0.4803282969696968,220.8
0.4807266848484848,218.8
0.48166296363636363,223.8
0.4825809636363639,223.4
0.48339538181818176,227.3
0.484179787878788,231.4
0.4849361818181817,231.4
0.48566752121212114,231.2
0.4863986727272726,233
0.4871292545454547,232.9
0.4878480666666667,231.3
0.48856545454545464,237.1
0.4893020909090908,242
0.489719793939394,240.9
0.4900262909090909,252.8
0.4904949090909091,249.3
0.49073395151515153,242.6
0.4914510787878788,243.3
0.49215454545454557,246.7
0.4928637757575757,243.7
0.4935931090909093,239.7
0.49430039393939385,239.1
0.4950241272727274,238.3
0.4957256909090908,238.5
0.4964440666666664,237.6
0.4971876303030304,236.4
0.4979659757575758,236.5
0.4987374181818184,232.8
0.4995267818181818,230.6
0.5003047818181817,230.8
0.5010839636363636,228.2
0.501861424242424,230.8
0.5026376363636362,231.2
0.5034189272727274,232
0.504177187878788,232.2
0.504911781818182,234.1
0.5056842424242425,233.9
0.5064837333333333,235.5
0.5073123999999999,236
0.508117721212121,238.2
0.5089409818181818,237
0.509784981818182,240.3
0.5106523272727274,233.4
0.5115124484848484,236.4
0.5123637818181817,235.2
0.5132047393939395,242
0.5140331151515151,238.2
0.5148477818181817,239.2
0.5156507757575757,241.5
0.5164209818181819,243
0.517154981818182,247.2
0.5178760121212121,246.2
0.5186004606060606,245.5
0.5193291272727272,245.3
0.5200733575757572,247.7
0.5208218060606061,245.5
0.5215744727272729,243.5
0.5238018242424244,241.9
0.5245708666666667,236.8
0.525337,235.8
0.5261069999999999,233.7
0.526895806060606,230.3
0.5276986909090909,227.8
0.5285166909090911,224.7
0.5294034303030304,222.7
0.5302905090909092,221.2
0.5312013818181816,220.3
0.5320787575757573,220.7
0.5325925272727272,214.5
0.5329875696969698,211.4
0.5335543696969698,204.4
0.5339322363636365,200
0.534668181818182,195.1
0.5350435636363637,193.8
0.5356950545454544,190.5
0.5361784727272727,199.8
0.5373344727272725,199.4
0.5384407636363635,205
0.5395138181818181,206.4
0.540583818181818,212.9
0.5416538181818181,211.2
0.542740206060606,205
0.543844872727273,203.6
0.5448859878787881,208.1
0.545864909090909,210.3
0.5468301454545452,209.6
0.5478066787878785,209.7
0.5487707757575758,204.6
0.5497201090909094,202.5
0.5502307272727275,208.8
0.5505825454545455,213.6
0.5513810909090908,215.2
0.5521110909090908,219.9
0.5526815636363637,221.7
0.5530209212121211,222.3
0.5532459878787878,226.3
0.553619393939394,222.1
0.5538086545454545,220.3
0.5544796181818181,223.6
0.5551583454545455,224.3
0.5558423454545456,226.7
0.5564070242424243,233.9
0.5569232909090909,241
0.5571986545454546,243
0.5573850545454546,249.1
0.5576571393939392,244
0.5578382060606061,250.5
0.5581545636363635,245.6
0.5583060181818182,240.4
0.5587776909090909,238.1
0.5593160060606062,234.5
0.5596367636363635,229.7
0.5598726181818182,230.2
0.560436618181818,230.3
0.5609656000000001,228.3
0.5614507393939394,231.6
0.5618880727272726,231.9
0.5623104909090908,234.6
0.5626556000000001,234.1
0.5631348545454546,240.1
0.5635357393939394,242.3
0.5639278969696969,245.7
0.5643105636363636,245.8
0.5647243575757575,247.6
0.565134296969697,251.4
0.5655389636363637,252.4
0.5658956424242425,252.6
0.566245303030303,251.4
0.5665886363636363,253.7
0.5669183515151516,254.3
0.5672394909090909,253.9
0.5675486545454546,254.5
0.5678848909090909,253.2
0.5682041393939394,253.9
0.5685342363636364,252.8
0.5689301454545455,253
0.5693145939393939,250.2
0.5696839272727272,251.3
0.5700672484848485,250
0.5704634606060607,251.3
0.5708621272727273,251.8
0.5712614424242425,251.8
0.5716333575757575,249.6
0.5719746909090908,251.6
0.5723154999999999,250.3009961681342
0.5726698727272728,246.30955184938028
0.5730535166666666,247.65697248974385
0.5734757499999997,249.18618138857704
0.5739130166666665,248.72078039844752
0.5743646545454544,251.7666008144979
0.5748060000000002,251.86150476654132
0.5752339636363636,252.08002667419615
0.575654533333333,248.8639219697805
0.5761128499999998,252.543697553062
0.5765990999999998,252.8973536409592
0.5771151000000001,251.29657667714633
0.5776538500000001,251.34172534675196
0.5781963499999997,251.0792763522184
0.5787423499999997,249.0568689785398
0.5792805499999998,252.92340485161623
0.5798331166666667,251.47302309267096
0.5802105045454543,244.13978325747763
0.5804017833333333,243.8071398156684
0.5808140045454544,236.17021956160747
0.5811186499999996,230.25538907698547
0.5815465272727276,225.2070402346668
0.5819282999999996,219.41265806017452
0.5824545272727271,215.44586651227405
0.5828363,209.88341782048897
0.5835742545454543,206.68125254107684
0.5839588000000001,210.63901783350497
0.5867208424242425,223.95763277250387
0.5871718499999993,225.9929310765137
0.5878886681818177,234.40092907192803
0.5882793499999996,238.7841158534624
0.5889409045454541,246.34602904387208
0.5894253500000003,250.20456464222792
0.5900401454545451,248.10464236577937
0.5904888000000001,243.5553025827732
0.5910194666666666,237.37751240309967
0.5923834712121211,225.67880356583396
0.592785516666666,229.3866700921104
0.5935612454545454,233.1632188953882
0.5940467545454541,238.1475936125431
0.5948638121212114,237.97721461986356
0.5954364666666667,232.91795566697328
0.5962215575757572,221.21724287329997
0.5967911333333332,216.4410115698623
0.5978036136363636,216.27309709713364
0.5983297499999994,219.0222803388292
0.5992182181818188,225.97166266475017
0.5998146318181817,229.38148051861887
0.6012551499999997,232.45478922791705
0.6026007500000002,237.8582812314746
0.60394915,239.14012591458967
0.6053031499999992,244.5322516170048
0.6066259090909091,248.4801850050678
0.6079792999999997,254.57832546938147
0.6092473000000004,259.22379791893974
0.6104295000000001,257.74486774223317
0.6115510127272727,257.8151013837554
0.6116006333333328,259.6847091794925
0.612761966666666,258.13797445364014
0.6139427999999997,256.193578648728
0.6151405999999999,252.74797477389265
0.6162991163636365,252.8982584181087
0.6163565999999998,252.72980051397101
0.6176095681818179,252.63944486217684
0.6189537499999994,248.28893339724928
0.6202837499999999,245.88658787248076
0.6216514500000002,243.5306835863856
0.622950732727273,243.8854524675643
0.62305495,239.19230883467588
0.6244969499999993,237.92850701362377
0.6253979242424238,235.02330647237795
0.626047499999999,228.51222535135372
0.6269694272727271,215.70968264504967
0.6278300999999994,205.76310728563763
0.629139618181818,199.52416462021895
0.629769852727273,205.26582182975855
0.6298661000000005,200.77734554085592
0.631526322727272,200.4570693283412
0.6323569409090906,196.49917279673912
0.6340775378787883,193.09789993536265
0.6348811448484846,195.94989153226655
0.6350090333333323,194.85936588137295
0.63652156060606,194.00258992033588
0.6377143666666651,195.33150117951013
0.6394182651515146,188.8477364074226
0.6403722499999993,190.17773360051007
0.6420746045454537,191.3842569534652
0.64285665,191.5605717991007
0.6443008272727264,195.3061298127235
0.6451506499999997,195.8204274432848
0.6463769469696958,189.88548096825593
0.6472548499999992,191.8480609628653
0.6486124181818187,193.4765987078096
0.6491910999999992,196.17149410495196
0.6503484636363633,189.2501799432969
0.6509470999999998,193.44315462070247
0.6521042636363631,187.2748940558699
0.6527089500000003,186.7937683040444
0.65373025,192.8691774329536
0.65443865,194.81602929906575
0.6555243499999999,199.99595342018023
0.6561326499999991,200.35242454933484
0.6571810909090905,192.9341212467433
0.6576542060606063,189.23340881737832
0.6577219999999989,190.8769405532136
0.6587640999999994,184.098136363561
0.65929382,187.3800806732598
0.6594118999999996,185.6837857761792
0.6604635499999999,188.43427447380083
0.6611183199999999,193.9700304568731
0.6612159000000005,191.59170346951032
0.6622821772727269,189.69058418048212
0.6627966094545458,193.9082170435541
0.6628775500000003,190.86103041769672
0.6639375151515151,191.02249326390395
0.6643203999999997,192.55321359717547
0.6644080909090904,187.76703230989096
0.6653219393939392,180.1665970739219
0.6658365212121212,180.53768178380184
0.6667533600000001,174.76867941399888
0.6674098573333337,173.71362014216885
0.668415263636363,177.7146610306198
0.6689155375757578,180.6705433303129
0.669819298787879,187.6555369926176
0.6702963187878784,191.5141318512642
0.6710707454545456,194.87837297832084
0.6714579260606062,196.8275423165405
0.6721508827272733,194.789560383579
0.6727613824242425,197.12915219406037
0.6736961060606058,201.1220985980582
0.6742293778787886,204.669745646326
0.6750283999999999,211.69145610328425
0.6754065333333331,216.1224817958984
0.676530736363636,222.5748544587667
0.6771523090909093,219.96238463739664
0.6776007363636364,216.59070226826563
0.6783281818181816,218.20973466460345
0.6787416193939392,220.08623711545596
0.6794553739393939,229.16045804591084
0.6797351745454543,232.70102424711223
0.6803125848484847,233.61111358821643
0.6806276078787883,233.1080061479115
0.6812256733333332,225.80855816583323
0.6816699266666665,227.89516025735253
0.6823437121212126,221.30626385386472
0.6827400857575755,219.1411841639893
0.6834578634848485,220.2352186749276
0.6838287524242425,222.6967127552533
0.6844236818181816,225.64160209672897
0.6847580590909088,224.3560776723839
0.6852948436363635,221.82035466276145
0.6856798654545456,220.62261407272987
0.6862691090909089,220.6316642042182
0.6865818109090904,222.61792578852743
0.687154044242424,222.7044405108711
0.6874454972727271,222.96501296914877
0.6880003818181819,226.72892608676472
0.6883001345454548,227.65046207304692
0.6888098703030302,227.6358560751815
0.6891578254545456,230.66878933516543
0.6896932575757576,232.07477715515753
0.6899514515151516,232.26747586461005
0.6904746527272727,235.8000553317824
0.690736391212121,236.4535724768809
0.6912218348484851,239.2879301088554
0.6914676684848482,238.41599878810229
0.6919679624242427,239.37873479610943
0.6923183436363635,243.5623167259663
0.6928324590909088,239.2983940505077
0.6930770923636363,238.47330442832688
0.6935740430303031,243.6995486644999
0.6938212928787881,237.75600797769897
0.6942803484848483,239.3406332632852
0.6945368242424241,240.45669225384145
0.6949491381818182,239.31113174299168
0.6952592618181819,239.79653384828728
0.6957323090909093,236.79873479326412
0.69598188,238.73723027829791
0.6964348896969694,238.0518499460627
0.6966448345454543,238.13269799082363
0.6970902909090907,239.4354918894625
0.6973424521212119,238.4199792836091
0.6977466751515149,239.884743914407
0.6980390036363635,241.02991515817237
0.6985055381818185,240.89904625193032
0.6987532309090907,241.8320311598419
0.6992157512121214,238.8636108455049
0.6994390187878788,239.00952129629684
0.6998647075757575,239.72641961823388
0.7001036854545457,237.20611593740935
0.7004850242424243,236.7173884297771
0.7008148381818183,236.60700141533357
0.701268527272727,235.4215271002262
0.7015245236363634,232.4560078431405
0.7019931490909093,230.88479116742863
0.7022009236363637,232.162121529527
0.7027342727272725,232.1824465330735
0.7030099848484849,230.58782898361125
0.7034685218181818,233.35390620979757
0.7037960731818182,232.28052064575172
0.7042505218181817,232.8295884774547
0.7045818054545454,233.54448715907165
0.7050533442424244,234.04269676194463
0.7052439090909093,235.09172492612444
0.7057269518181817,237.18468030646915
0.7060531981818182,237.66123151682797
0.706492951818182,236.05369135840695
0.7067107395454546,236.04534030139132
0.7073106972727272,238.84806965208156
0.7076437254545457,233.50528810247425
0.7081996806060602,233.5834734270881
0.7084134484848483,233.11228487432953
0.7089591515151513,234.83616059567032
0.7094537878787875,231.43297127712552
0.7099095454545452,230.50735989141307
0.7104564545454548,227.032822730358
0.7109833563636365,224.9017352890244
0.7113990436363637,225.38896913374532
0.7120214654545453,224.1234469162136
0.7122437272727276,224.001743721128
0.7133125,223.8856925917568
0.714065578181818,227.63734055505353
0.7144037969696967,227.08319713303533
0.715115732727273,223.14262795384457
0.7155653763636364,227.5826981949172
0.7163101630303028,213.59999290263295
0.7165859090909089,210.5098874628876
0.7173482727272724,198.42559568024177
0.7179554848484853,189.87843381686548
0.718778348484849,193.46090298257135
0.7192871818181823,200.8234844705578
0.7200872854545454,212.030518626341
0.7205907595454547,217.04269113163497
0.7214075168181815,219.2003556861584
0.7216898636363633,218.956944794401
0.7225058105454544,216.09677010835375
0.7229945945454546,212.108071771009
0.723780226666667,212.54540888381376
0.7241419999999998,214.0125927948141
0.7249753554545457,210.4806821716978
0.7254744313636367,211.49197634968232
0.726249591818182,211.075995557622
0.7265768636363636,211.42656926315465
0.7278985024242426,210.06750978548357
0.7285939021212123,210.24197486380825
0.7289875303030305,211.0778130948141
0.7298369384848483,210.0149974521128
0.730260314545455,212.1716466152816
0.7309083136363638,210.16351745201928
0.7311842272727275,210.702373057978
0.7318609999999999,211.62321092369945
0.73232175,213.73187878271673
0.7329934999999999,208.1143039021245
0.7333289999999996,207.72075200492253
0.7340222299999999,210.60174265873587
0.7344626199999996,216.1485998526368
0.735134570909091,214.6624205315424
0.735409909090909,217.88283774216444
0.7361073054545454,217.1944729687879
0.7365222181818187,213.14402038614645
0.7372698193939395,206.92018121563933
0.7376601154545457,204.5191038769512
0.7385809945454549,191.7441063146352
0.7391745554545457,185.6096600660596
0.7401064524848479,185.40236646163788
0.7404609242424242,183.3925392147808
0.7413299024242423,184.7670847091236
0.7418741339393943,189.1426274551468
0.7426447490909089,188.64664196412704
0.7430621696969698,187.3271928405565
0.7439590763636366,188.17959977716015
0.7445231418181812,188.96881973948896
0.7456710454545449,187.29232436787936
0.7466199260606066,190.24154927677864
0.7471770375757577,187.91988159174213
0.7479401957575758,187.95228432826852
0.7483368809090916,187.54375693792417
0.7492629345454549,188.67887489361215
0.749814178666666,190.17483689562673
0.7507064409090908,192.07592238803636
0.7510362499999993,191.29603626015793
0.7519738681818177,193.54717137122023
0.7525658818181817,197.49572596202373
0.7534890690909093,195.43388919380428
0.7539346545454542,203.90279658442105
0.7551145775757573,199.046053641412
0.7555868284848488,203.2996954570858
0.7565661684848485,208.1036711012395
0.7568506803030303,209.44507971285617
0.7577854509090911,213.61139014973045
0.7583624157575756,218.3519526756556
0.7591356915151511,222.72008593220357
0.7595618787878784,226.94301148021165
0.7598782121212123,223.02365546155636
0.7601082727272728,225.37366760867587
0.7605160551515151,225.61582539678184
0.7609399418181818,222.7085788690187
0.7618644881818183,216.64080861985224
0.7621660430303031,214.6940079861074
0.7631018036363634,213.9998028589903
0.7637705842424236,219.9481576823577
0.7646768824242425,223.89295015434175
0.7651818165656569,222.92608638468548
0.7655866363636359,233.66090567198847
0.7658514848484848,229.40748753827657
0.7661885045454541,232.11545547204437
0.7668089121212122,230.6229188352788
0.7677471624242423,224.86466602091244
0.7681172575757578,223.81796491327836
0.7690613843939397,221.6409365039408
0.7696514236363642,225.86635666622993
0.7705991466666668,230.62690342109488
0.7710206666666664,229.56423626852964
0.7715193333333332,236.31890028889168
0.7718126666666671,234.24054819146696
0.7721752645454547,239.7120056138232
0.7724745636363636,243.88525238228883
0.7727379595454549,246.49456803753532
0.7729956363636361,243.85475201990903
0.7732498181818183,246.0305818001839
0.7736844690909093,237.7794476149145
0.7740441363636359,239.23120240300537
0.7749588081818178,238.3850775692524
0.7755380110606056,241.7410824819303
0.7763322587878785,245.31805526765157
0.7767826969696968,248.92347258064217
0.7776817496969699,247.30321033010097
0.7782327918181821,252.455538875688
0.7790579836363639,254.92704442683268
0.7793675454545458,254.6895620893129
0.7801889227272722,254.4321062869957
0.7807194363636365,252.52125685420285
0.7815628318181814,257.21033919112165
0.7818866818181819,251.50919000069743
0.7827284496969698,257.43630369580933
0.7831985296969693,255.01817636257545
0.784261755878788,260.91815012089876
0.7850340824242426,255.84554031289508
0.7855190509090905,259.66462384723866
0.7861896018181812,262.229808343788
0.7865632569696969,264.34502908314164
0.7873555127272734,269.3559592885488
0.7878035690909093,265.99732874144445
0.7884792399999999,257.19893666253785
0.7886918715151517,257.0184549055622
0.7894940409090909,238.64095357456617
0.7899530090909094,235.48574308581584
0.7906394051515154,227.37775029010015
0.7910568827272729,230.55013467896873
0.792030783636363,224.68576227610308
0.7926173012121207,214.4503513988741
0.7935193888888892,213.35775959891657
0.7938527583333338,218.3926416685887
0.7951224545454542,208.7893628439667
0.7956873181818177,204.617506415808
0.7968525909090911,198.79240364499177
0.7973788181818189,197.90878630711256
0.7986812978787882,200.48945586551156
0.8012360590909094,198.68361088983107
0.802872087424243,198.6572141815183
0.8037092524242424,202.64710592439064
0.8039252843758516,202.92172318213744
0.8040098706065305,207.49864546768265
0.8045226746300211,204.8619380343144
0.8051324423336205,202.2268391289192
0.8056688684046668,207.28544010704545
